full_player_name,team,position,Yards,Receptions,Touchdowns,FirstDowns,HalfPPR,HalfPPR_PPFD,PosRank
Todd Gurley,LA,RB,1837,59,21,96,339.2,387.2,1
Saquon Barkley,NYG,RB,2030,91,16,80,344.5,384.5,2
Christian McCaffrey,CAR,RB,1965,107,13,94,328,375,3
Alvin Kamara,NO,RB,1598,81,18,88,308.3,352.3,4
Ezekiel Elliott,DAL,RB,2001,77,9,96,292.6,340.6,5
DeAndre Hopkins,HOU,WR,1565,115,11,81,280,320.5,1
Tyreek Hill,KC,WR,1630,87,13,68,284.5,318.5,2
Julio Jones,ATL,WR,1689,113,8,81,273.40000000000003,313.90000000000003,3
Davante Adams,GB,WR,1388,111,13,64,272.3,304.3,4
Antonio Brown,PIT,WR,1297,104,15,63,271.7,303.2,5
Michael Thomas,NO,WR,1405,125,9,75,257,294.5,6
James Conner,PIT,RB,1474,55,13,76,252.9,290.9,6
Adam Thielen,MIN,WR,1405,113,9,75,251,288.5,7
Melvin Gordon,LAC,RB,1379,50,14,68,246.9,280.90000000000003,7
Travis Kelce,KC,TE,1336,103,10,68,245.1,279.1,1
Mike Evans,TB,WR,1524,86,8,69,243.4,277.90000000000003,8
JuJu Smith-Schuster,PIT,WR,1398,111,8,68,243.3,277.3,9
David Johnson,ARI,RB,1386,50,11,73,229.6,266.1,8
James White,NE,RB,1176,87,12,60,233.10000000000002,263.1,9
Robert Woods,LA,WR,1376,86,7,75,222.6,260.1,10
Joe Mixon,CIN,RB,1464,43,9,74,221.9,258.9,10
Zach Ertz,PHI,TE,1160,116,8,66,222,255,2
Stefon Diggs,MIN,WR,1085,102,11,52,225.5,251.5,11
Keenan Allen,LAC,WR,1271,97,7,66,217.6,250.6,12
Kareem Hunt,KC,RB,1202,26,14,63,217.20000000000002,248.70000000000002,11
George Kittle,SF,TE,1389,88,5,61,212.9,243.4,3
Phillip Lindsay,DEN,RB,1278,35,10,61,205.3,235.8,12
Brandin Cooks,LA,WR,1272,80,6,61,203.2,233.7,13
Chris Carson,SEA,RB,1314,20,9,68,195.4,229.4,13
T.Y. Hilton,IND,WR,1270,76,6,55,201,228.5,14
Tarik Cohen,CHI,RB,1169,71,8,49,200.4,224.9,14
Derrick Henry,TEN,RB,1158,15,12,55,195.3,222.8,15
Tyler Lockett,SEA,WR,1029,57,10,40,191.4,211.4,15
Eric Ebron,IND,TE,742,66,14,40,191.2,211.2,4
Adrian Peterson,WAS,RB,1250,20,8,56,183,211,16
Nick Chubb,CLE,RB,1145,20,10,52,184.5,210.5,17
Tyler Boyd,CIN,WR,1031,76,7,54,183.10000000000002,210.1,16
Amari Cooper,DAL,WR,1025,75,7,54,182,209,17
Odell Beckham,NYG,WR,1071,77,6,53,181.6,208.1,18
Tevin Coleman,ATL,RB,1076,32,9,51,177.6,203.1,18
Marlon Mack,IND,RB,1015,17,11,53,176,202.5,19
Jordan Howard,CHI,RB,1080,20,9,60,172,202,20
Kenny Golladay,DET,WR,1071,70,5,56,172.1,200.1,19
Jarvis Landry,CLE,WR,1036,81,5,46,174.10000000000002,197.10000000000002,20
Calvin Ridley,ATL,WR,848,64,10,40,176.8,196.8,21
Jared Cook,OAK,TE,896,68,8,46,171.6,194.6,5
Kenyan Drake,MIA,RB,960,53,8,46,170.5,193.5,21
Julian Edelman,NE,WR,957,74,6,48,168.70000000000002,192.7,22
Aaron Jones,GB,RB,934,26,9,53,160.4,186.9,22
Lamar Miller,HOU,RB,1136,25,6,44,162.1,184.1,23
Adam Humphries,TB,WR,827,76,6,48,156.70000000000002,180.70000000000002,23
Chris Godwin,TB,WR,844,59,7,48,155.9,179.9,24
Alshon Jeffery,PHI,WR,840,65,6,48,152.5,176.5,25
Emmanuel Sanders,DEN,WR,919,71,5,38,157.4,176.4,26
Mike Williams,LAC,WR,694,43,11,38,156.9,175.9,27
Corey Davis,TEN,WR,946,65,4,49,151.1,175.6,28
Matt Breida,SF,RB,1075,27,5,48,151,175,24
Austin Ekeler,LAC,RB,958,39,6,43,151.3,172.8,25
Sterling Shepard,NYG,WR,907,66,4,48,147.7,171.7,29
Mohamed Sanu,ATL,WR,884,66,4,46,145.4,168.4,30
Dede Westbrook,JAX,WR,813,66,5,44,144.3,166.3,31
Sony Michel,NE,RB,981,7,6,57,137.6,166.1,26
Peyton Barber,TB,RB,963,20,6,45,142.3,164.8,27
T.J. Yeldon,JAX,RB,887,55,5,36,146.20000000000002,164.20000000000002,28
Zay Jones,BUF,WR,654,56,9,33,147.4,163.9,32
Larry Fitzgerald,ARI,WR,736,69,6,39,144.1,163.6,33
Golden Tate,PHI,WR,825,74,4,34,143.5,160.5,34
Nyheim Hines,IND,RB,739,63,5,46,135.4,158.4,29
D.J. Moore,CAR,WR,960,55,2,39,135.5,155,35
Dalvin Cook,MIN,RB,920,40,4,37,136,154.5,30
Mark Ingram,NO,RB,815,21,7,39,134,153.5,31
DeSean Jackson,TB,WR,803,41,6,33,136.8,153.3,36
A.J. Green,CIN,WR,694,46,7,37,134.4,152.9,37
Dion Lewis,TEN,RB,917,59,2,35,133.20000000000002,150.70000000000002,32
Robby Anderson,NYJ,WR,744,50,6,30,135.4,150.4,38
Nelson Agholor,PHI,WR,775,64,4,30,133.5,148.5,39
Kerryon Johnson,DET,RB,854,32,4,43,125.4,146.9,33
Isaiah Crowell,NYJ,RB,837,21,6,33,130.20000000000002,146.70000000000002,34
Austin Hooper,ATL,TE,662,71,5,30,131.7,146.7,6
Allen Robinson,CHI,WR,763,55,4,36,127.80000000000001,145.8,40
Demaryius Thomas,HOU,WR,677,59,5,37,127.2,145.70000000000002,41
Jalen Richard,OAK,RB,866,68,1,34,126.60000000000001,143.6,35
Jordy Nelson,OAK,WR,739,63,3,36,123.4,141.4,42
Doug Martin,OAK,RB,839,18,4,43,116.9,138.4,36
Taylor Gabriel,CHI,WR,749,67,2,34,120.4,137.4,43
Mike Davis,SEA,RB,728,34,5,35,119.8,137.3,37
Cole Beasley,DAL,WR,672,65,3,39,117.7,137.20000000000002,44
John Brown,BAL,WR,721,42,5,28,123.10000000000001,137.1,45
Antonio Callaway,CLE,WR,595,43,7,28,123,137,46
Kyle Rudolph,MIN,TE,634,64,4,32,119.4,135.4,7
Trey Burton,CHI,TE,573,54,6,30,120.3,135.3,8
Kenny Stills,MIA,WR,610,37,7,27,121.5,135,47
Latavius Murray,MIN,RB,721,22,6,30,119.10000000000001,134.1,38
Josh Gordon,NE,WR,737,41,4,30,118.2,133.2,48
Curtis Samuel,CAR,WR,578,39,7,27,119.3,132.8,50
Doug Baldwin,SEA,WR,618,50,5,32,116.8,132.8,50
Tyrell Williams,LAC,WR,668,41,5,31,117.30000000000001,132.8,50
Josh Allen,BUF,QB,637,0,8,41,111.7,132.20000000000002,1
Courtland Sutton,DEN,WR,714,42,4,31,116.4,131.9,52
David Njoku,CLE,TE,639,56,4,27,115.9,129.4,9
Cooper Kupp,LA,WR,591,40,6,28,115.10000000000001,129.1,53
Rob Gronkowski,NE,TE,682,47,3,34,109.7,126.7,10
Vance McDonald,PIT,TE,610,50,4,33,110,126.5,11
LeSean McCoy,BUF,RB,752,34,3,32,110.2,126.2,39
Leonard Fournette,JAX,RB,624,22,6,33,109.4,125.9,40
Donte Moncrief,JAX,WR,684,48,3,29,110.4,124.9,54
Devin Funchess,CAR,WR,549,44,5,35,106.9,124.4,55
Lamar Jackson,BAL,QB,710,0,5,45,101.00000000000001,123.50000000000001,2
Michael Crabtree,BAL,WR,597,54,3,35,104.7,122.2,56
Duke Johnson,CLE,RB,634,47,3,34,104.9,121.9,41
Alex Collins,BAL,RB,516,15,8,28,107.1,121.1,42
Jimmy Graham,GB,TE,636,55,2,32,103.10000000000001,119.10000000000001,12
Wendell Smallwood,PHI,RB,596,28,5,31,103.60000000000001,119.10000000000001,43
O.J. Howard,TB,TE,565,34,5,28,103.5,117.5,13
Jamaal Williams,GB,RB,676,27,3,36,99.10000000000001,117.10000000000001,44
Kendrick Bourne,SF,WR,487,42,5,30,99.7,114.7,57
Evan Engram,NYG,TE,615,45,3,25,102,114.5,14
Jordan Reed,WAS,TE,562,54,3,26,101.2,114.2,15
Rashard Higgins,CLE,WR,572,39,4,27,100.7,114.2,58
Christian Kirk,ARI,WR,625,43,3,23,102,113.5,59
Frank Gore,MIA,RB,846,12,1,33,96.60000000000001,113.10000000000001,45
Anthony Miller,CHI,WR,449,33,7,19,103.4,112.9,60
Royce Freeman,DEN,RB,593,14,5,32,96.3,112.3,46
Marvin Jones,DET,WR,508,35,5,27,98.30000000000001,111.80000000000001,61
Carlos Hyde,JAX,RB,604,10,5,27,95.4,108.9,47
Josh Doctson,WAS,WR,532,44,3,31,93.2,108.7,62
Sammy Watkins,KC,WR,571,40,3,26,95.10000000000001,108.10000000000001,63
Willie Snead,BAL,WR,615,58,0,35,90.5,108,64
Danny Amendola,MIA,WR,573,59,1,27,92.8,106.3,65
Chris Herndon,NYJ,TE,502,39,4,25,93.7,106.2,16
Gus Edwards,BAL,RB,740,2,2,38,87,106,48
Marquez Valdes-Scantling,GB,WR,610,38,2,25,92,104.5,66
Mark Andrews,BAL,TE,552,34,3,28,90.2,104.2,17
Theo Riddick,DET,RB,555,61,1,24,92,104,49
David Moore,SEA,WR,450,26,6,19,94,103.5,67
Deshaun Watson,HOU,QB,560,0,5,33,86,102.5,3
Alfred Blue,HOU,RB,653,20,2,29,87.3,101.8,50
Will Fuller,HOU,WR,503,32,4,23,90.3,101.8,68
Damien Williams,KC,RB,416,23,6,24,89.1,101.1,51
Chester Rogers,IND,WR,485,53,2,28,87,101,69
Chris Hogan,NE,WR,532,35,3,22,88.7,99.7,70
Dante Pettis,SF,WR,465,27,5,19,90,99.5,71
Tre'Quan Smith,NO,WR,427,28,5,23,86.7,98.2,72
LeGarrette Blount,DET,RB,485,10,5,29,83.5,98,52
Ito Smith,ATL,RB,467,27,4,27,84.2,97.7,53
Josh Reynolds,LA,WR,410,29,5,24,85.5,97.5,73
Seth Roberts,OAK,WR,499,45,2,25,84.4,96.9,74
Robert Foster,BUF,WR,541,27,3,20,85.6,95.6,75
Cordarrelle Patterson,NE,WR,475,21,4,26,82,95,76
C.J. Uzomah,CIN,TE,439,43,3,21,83.4,93.9,18
Elijah McGuire,NYJ,RB,469,19,4,25,80.4,92.9,54
Cam Newton,CAR,QB,502,0,4,36,74.2,92.2,4
Josh Adams,PHI,RB,571,7,3,26,78.6,91.60000000000001,55
Michael Gallup,DAL,WR,507,33,2,21,79.2,89.7,77
Giovani Bernard,CIN,RB,429,35,3,22,78.4,89.4,56
Javorius Allen,BAL,RB,314,35,5,21,78.9,89.4,56
Jarius Wright,CAR,WR,488,43,1,26,76.3,89.3,78
Cameron Brate,TB,TE,289,30,6,18,79.9,88.9,19
Chris Conley,KC,WR,334,32,5,18,79.4,88.4,79
Jaylen Samuels,PIT,RB,455,26,3,23,76.5,88,58
Chris Ivory,BUF,RB,590,13,1,32,71.5,87.5,59
Keelan Cole,JAX,WR,491,38,1,25,74.10000000000001,86.60000000000001,80
Marquise Goodwin,SF,WR,404,23,4,19,75.9,85.4,81
Marshawn Lynch,OAK,RB,460,15,3,26,71.5,84.5,60
Albert Wilson,MIA,WR,407,26,4,13,77.7,84.2,82
Rashaad Penny,SEA,RB,494,9,3,21,71.9,82.4,61
Jacquizz Rodgers,TB,RB,410,38,2,20,72,82,62
Dallas Goedert,PHI,TE,334,33,4,15,73.9,81.4,20
Chris Thompson,WAS,RB,442,41,1,21,70.7,81.2,63
Quincy Enunwa,NYJ,WR,449,38,1,22,69.9,80.9,83
John Ross,CIN,WR,219,21,7,13,74.39999999999999,80.89999999999999,84
Dak Prescott,DAL,QB,323,0,6,25,68.3,80.80000000000001,5
Corey Clement,PHI,RB,453,22,2,25,68.3,80.8,64
Alfred Morris,SF,RB,501,8,2,29,66.1,80.6,65
Taywan Taylor,TEN,WR,466,37,1,19,71.1,80.6,85
Spencer Ware,KC,RB,470,20,2,23,69,80.5,66
Benjamin Watson,NO,TE,400,35,2,21,69.5,80,21
Devontae Booker,DEN,RB,449,38,1,20,69.9,79.9,67
Randall Cobb,GB,WR,383,38,2,18,69.30000000000001,78.30000000000001,86
Jesse James,PIT,TE,423,30,2,17,69.3,77.8,22
Gerald Everett,LA,TE,338,33,3,18,68.3,77.3,23
C.J. Anderson,LA,RB,444,5,3,23,64.9,76.4,68
Jamison Crowder,WAS,WR,418,29,2,16,68.3,76.30000000000001,87
Mitchell Trubisky,CHI,QB,433,0,3,29,61.300000000000004,75.80000000000001,6
Greg Olsen,CAR,TE,291,27,4,18,66.60000000000001,75.60000000000001,24
Phillip Dorsett,NE,WR,319,32,3,19,65.9,75.4,88
Antonio Gates,LAC,TE,337,28,3,19,65.7,75.2,25
Ty Montgomery,BAL,RB,418,25,2,17,66.3,74.8,69
Ian Thomas,CAR,TE,333,36,2,20,63.300000000000004,73.3,26
Bilal Powell,NYJ,RB,453,11,2,19,62.800000000000004,72.3,70
Jermaine Kearse,NYJ,WR,371,37,1,20,61.6,71.6,89
Dontrelle Inman,IND,WR,304,28,3,16,62.4,70.4,90
Ricky Seals-Jones,ARI,TE,343,34,2,14,63.300000000000004,70.3,27
Blake Jarwin,DAL,TE,307,27,3,16,62.2,70.2,28
Demarcus Robinson,KC,WR,288,22,4,12,63.8,69.8,91
Tajae Sharpe,TEN,WR,332,26,2,23,58.2,69.7,92
Vernon Davis,WAS,TE,369,25,2,16,61.4,69.4,29
Nick Vannett,SEA,TE,269,29,3,17,59.4,67.9,30
Laquon Treadwell,MIN,WR,302,35,2,16,59.7,67.7,93
Aldrick Robinson,MIN,WR,231,17,5,12,61.6,67.60000000000001,94
Ryan Grant,IND,WR,334,35,1,18,56.9,65.9,95
Kyle Juszczyk,SF,FB,354,30,1,17,56.400000000000006,64.9,1
Jordan Wilkins,IND,RB,421,16,1,17,56.1,64.60000000000001,71
Kelvin Benjamin,KC,WR,380,25,1,16,56.5,64.5,96
Marcus Mariota,TEN,QB,385,1,2,27,51,64.5,7
Kenneth Dixon,BAL,RB,384,6,2,22,53.4,64.4,72
Justin Jackson,LAC,RB,341,15,2,19,53.6,63.10000000000001,73
Chase Edmonds,ARI,RB,311,20,2,19,53.1,62.6,74
Jeff Heuerman,DEN,TE,281,31,2,14,55.6,62.6,31
Jack Doyle,IND,TE,245,26,3,14,55.5,62.5,32
Zach Zenner,DET,RB,321,7,3,17,53.6,62.1,75
Jordan Thomas,HOU,TE,215,20,4,12,55.5,61.5,33
Tyler Higbee,LA,TE,292,24,2,16,53.2,61.2,34
Zach Pascal,IND,WR,278,27,2,15,53.300000000000004,60.800000000000004,97
Breshad Perriman,CLE,WR,342,16,2,13,54.2,60.7,98
Jason Croom,BUF,TE,259,22,3,10,54.9,59.9,35
Kapri Bibbs,GB,RB,218,16,4,12,53.800000000000004,59.800000000000004,76
Darren Sproles,PHI,RB,280,15,3,12,53.5,59.5,77
DaeSean Hamilton,DEN,WR,243,30,2,16,51.300000000000004,59.300000000000004,99
Tim Patrick,DEN,WR,332,23,1,17,50.7,59.2,100
Jordan Matthews,PHI,WR,300,20,2,14,52,59,101
Ryan Switzer,PIT,WR,274,36,1,15,51.400000000000006,58.900000000000006,102
Jonnu Smith,TEN,TE,258,20,3,10,53.800000000000004,58.800000000000004,36
Jaron Brown,SEA,WR,166,14,5,9,53.6,58.1,103
Geronimo Allison,GB,WR,303,20,2,11,52.300000000000004,57.8,104
Jeff Wilson,SF,RB,364,12,1,18,48.4,57.4,78
Allen Hurns,DAL,WR,295,20,2,11,51.5,57,105
Blake Bortles,JAX,QB,370,0,1,28,43,57,8
Jakeem Grant,MIA,WR,273,21,2,13,49.800000000000004,56.300000000000004,106
DeVante Parker,MIA,WR,306,24,1,14,48.6,55.6,107
Keke Coutee,HOU,WR,287,28,1,13,48.7,55.2,108
Paul Richardson,WAS,WR,271,20,2,12,49.1,55.1,109
Pierre Garcon,SF,WR,286,24,1,14,46.6,53.6,110
Isaiah McKenzie,BUF,WR,245,18,2,14,45.5,52.5,111
Rhett Ellison,NYG,TE,274,25,1,13,45.9,52.4,37
Rex Burkhead,NE,RB,317,14,1,15,44.7,52.2,79
Maurice Harris,WAS,WR,314,28,0,13,45.4,51.9,112
Bruce Ellington,DET,WR,226,31,1,14,44.1,51.1,113
Demetrius Harris,KC,TE,164,12,4,9,46.4,50.9,38
Levine Toilolo,DET,TE,263,21,1,16,42.800000000000004,50.800000000000004,39
Terrelle Pryor,BUF,WR,251,16,2,11,45.1,50.6,114
Russell Wilson,SEA,QB,384,1,0,23,38.900000000000006,50.400000000000006,9
Equanimeous St. Brown,GB,WR,333,21,0,13,43.800000000000004,50.300000000000004,115
Jameis Winston,TB,QB,285,0,2,19,40.5,50,10
Ryan Griffin,HOU,TE,305,24,0,15,42.5,50,40
Ted Ginn,NO,WR,237,17,2,11,44.2,49.7,116
Aaron Rodgers,GB,QB,276,0,2,20,39.6,49.6,11
Patrick Mahomes,KC,QB,286,0,2,18,40.6,49.6,11
Geoff Swaim,DAL,TE,242,26,1,11,43.2,48.7,41
Matt LaCosse,DEN,TE,250,24,1,11,43,48.5,42
Trent Sherfield,ARI,WR,210,19,2,11,42.5,48,117
Jay Ajayi,PHI,RB,206,5,3,12,41.099999999999994,47.099999999999994,80
Matt Ryan,ATL,QB,137,1,4,16,38.2,46.2,13
Trent Taylor,SF,WR,217,26,1,11,40.7,46.2,118
Trenton Cannon,NYJ,RB,257,17,1,11,40.2,45.7,81
Torrey Smith,CAR,WR,192,17,2,12,39.7,45.7,119
James Washington,PIT,WR,260,16,1,11,40,45.5,120
T.J. Jones,DET,WR,190,19,2,10,40.5,45.5,120
Wayne Gallman,NYG,RB,265,14,1,12,39.5,45.5,82
Raheem Mostert,SF,RB,286,6,1,14,37.6,44.6,83
Keith Kirkwood,NO,WR,209,13,2,10,39.4,44.4,122
Anthony Firkser,TEN,TE,225,19,1,12,38,44,43
Martavis Bryant,OAK,WR,289,19,0,11,38.4,43.9,123
Ed Dickson,SEA,TE,152,12,3,8,39.2,43.2,44
Virgil Green,LAC,TE,210,19,1,10,36.5,41.5,45
Chris Moore,BAL,WR,213,19,1,9,36.800000000000004,41.300000000000004,124
Kalen Ballage,MIA,RB,247,9,1,12,35.2,41.2,84
Malcolm Brown,LA,RB,266,5,1,12,35.1,41.1,85
Luke Stocker,TEN,TE,165,15,2,10,36,41,46
Michael Roberts,DET,TE,100,9,4,5,38.5,41,46
Taysom Hill,NO,QB,200,3,2,15,33.5,41,14
James Develin,NE,FB,69,12,4,8,36.9,40.9,2
Charles Clay,BUF,TE,184,21,1,11,34.9,40.4,48
Travis Benjamin,LAC,WR,227,12,1,11,34.7,40.2,125
Bennie Fowler,NYG,WR,199,16,1,12,33.9,39.9,126
Russell Shepard,NYG,WR,188,10,2,7,35.8,39.300000000000004,127
Tavon Austin,DAL,WR,195,8,2,7,35.5,39,128
James O'Shaughnessy,JAX,TE,214,24,0,10,33.400000000000006,38.400000000000006,49
DeAndre Carter,HOU,WR,223,22,0,10,33.300000000000004,38.300000000000004,129
Darren Fells,CLE,TE,117,11,3,6,35.2,38.2,50
Josh Hill,NO,TE,185,16,1,11,32.5,38,51
Nick Boyle,BAL,TE,213,23,0,10,32.8,37.8,52
Marcus Murphy,BUF,RB,276,11,0,9,33.1,37.6,86
Chad Williams,ARI,WR,180,17,1,9,32.5,37,130
Lance Kendricks,GB,TE,170,19,1,9,32.5,37,53
Jordan Akins,HOU,TE,225,17,0,11,31,36.5,54
Tyler Eifert,CIN,TE,179,15,1,10,31.400000000000002,36.4,55
Justin Hardy,ATL,WR,133,14,2,8,32.300000000000004,36.300000000000004,131
Brandon LaFell,OAK,WR,135,12,2,9,31.5,36,132
Ben Roethlisberger,PIT,QB,110,1,3,13,29.5,36,15
Mike Gesicki,MIA,TE,202,22,0,9,31.2,35.7,56
Rod Smith,DAL,RB,187,9,1,11,29.2,34.7,87
Drew Brees,NO,QB,41,1,4,11,28.6,34.1,16
Will Dissly,SEA,TE,156,8,2,5,31.599999999999998,34.1,57
Case Keenum,DEN,QB,101,0,3,11,28.099999999999998,33.6,17
Maxx Williams,BAL,TE,151,16,1,9,29.1,33.6,58
Cody Latimer,NYG,WR,190,11,1,6,30.5,33.5,133
Erik Swoope,IND,TE,87,8,3,5,30.7,33.2,59
Alex Erickson,CIN,WR,189,20,0,8,28.900000000000002,32.9,134
Hayden Hurst,BAL,TE,163,13,1,8,28.8,32.8,60
Lee Smith,OAK,TE,73,10,3,5,30.3,32.8,60
Brandon Bolden,MIA,RB,104,3,3,5,29.9,32.4,88
Marcell Ateman,OAK,WR,154,15,1,7,28.9,32.4,135
Cody Core,CIN,WR,162,13,1,7,28.700000000000003,32.2,136
Ryan Fitzpatrick,TB,QB,157,0,2,9,27.700000000000003,32.2,18
Mo Alie-Cox,IND,TE,133,7,2,6,28.8,31.8,62
Dan Arnold,NO,TE,150,12,1,9,27,31.5,63
Richie James,SF,WR,130,9,2,4,29.5,31.5,137
Alex Smith,WAS,QB,173,0,1,15,23.3,30.8,19
Andrew Luck,IND,QB,168,1,1,13,23.3,29.8,20
Michael Floyd,WAS,WR,102,10,2,5,27.2,29.7,138
Deonte Thompson,BUF,WR,161,17,0,10,24.6,29.6,139
Sam Darnold,NYJ,QB,151,0,1,16,21.1,29.1,21
Jeff Driskel,CIN,QB,134,0,2,7,25.400000000000002,28.900000000000002,22
Josh Bellamy,CHI,WR,119,14,1,8,24.9,28.9,140
Jared Goff,LA,QB,123,0,2,9,24.3,28.8,23
Austin Carr,NO,WR,97,9,2,5,26.2,28.7,141
NA,NA,NA,136,11,1,7,25.1,28.6,1
Marvin Hall,ATL,WR,149,10,1,5,25.900000000000002,28.400000000000002,142
D.J. Chark,JAX,WR,174,14,0,6,24.400000000000002,27.400000000000002,143
Jordan Leggett,NYJ,TE,114,14,1,6,24.400000000000002,27.400000000000002,64
Ryan Tannehill,MIA,QB,157,1,1,10,22.2,27.2,24
Andre Holmes,DEN,WR,162,13,0,8,22.7,26.7,144
Garrett Celek,SF,TE,90,5,2,5,23.5,26,65
Kirk Cousins,MIN,QB,128,1,1,12,19.3,25.3,25
Andy Janovich,DEN,FB,117,8,1,7,21.7,25.2,3
Zach Line,NO,FB,55,5,2,8,20,24,4
Cameron Meredith,NO,WR,114,9,1,4,21.900000000000002,23.900000000000002,145
MyCole Pruitt,TEN,TE,102,9,1,6,20.7,23.7,66
Austin Seferian-Jenkins,JAX,TE,90,11,1,6,20.5,23.5,67
Andre Roberts,NYJ,WR,99,10,1,5,20.900000000000002,23.400000000000002,146
Damion Ratley,CLE,WR,144,13,0,5,20.900000000000002,23.400000000000002,146
Anthony Sherman,KC,RB,98,8,1,6,19.8,22.8,89
Deontay Burnett,NYJ,WR,143,10,0,7,19.3,22.8,148
Logan Paulsen,ATL,TE,91,9,1,6,19.6,22.6,68
Andy Jones,DET,WR,80,11,1,6,19.5,22.5,149
Tom Brady,NE,QB,49,1,2,10,17.4,22.4,26
Jake Kumerow,GB,WR,103,8,1,4,20.3,22.3,150
Scott Simonson,NYG,TE,86,9,1,6,19.1,22.1,69
Brandon Powell,DET,WR,133,11,0,6,18.8,21.8,151
Josh Johnson,WAS,QB,122,0,1,7,18.2,21.7,27
Nick O'Leary,MIA,TE,86,8,1,6,18.6,21.6,70
Marcus Johnson,IND,WR,100,6,1,5,19,21.5,152
Tyrod Taylor,CLE,QB,125,0,1,6,18.5,21.5,28
Taquan Mizzell,CHI,RB,94,8,1,4,19.400000000000002,21.400000000000002,90
Cameron Batson,TEN,WR,83,8,1,6,18.3,21.3,153
Dalton Schultz,DAL,TE,116,12,0,6,17.6,20.6,71
Trey Quinn,WAS,WR,75,9,1,5,18,20.5,154
Cameron Artis-Payne,CAR,RB,84,3,1,9,15.9,20.400000000000002,91
Brian Hill,ATL,RB,166,1,0,5,17.1,19.6,92
Leonte Carroo,MIA,WR,108,2,1,3,17.8,19.3,155
Stevan Ridley,PIT,RB,98,3,1,4,17.3,19.3,93
Vyncint Smith,HOU,WR,91,5,1,3,17.6,19.1,156
Dwayne Washington,NO,RB,154,0,0,7,15.4,18.900000000000002,94
Eric Tomlinson,NYJ,TE,72,8,1,3,17.2,18.7,72
Baker Mayfield,CLE,QB,145,0,0,8,14.5,18.5,29
Josh Rosen,ARI,QB,145,0,0,8,14.500000000000002,18.5,29
Corey Grant,JAX,RB,107,9,0,6,15.200000000000001,18.2,95
Matthew Stafford,DET,QB,80,0,1,8,14,18,31
Ronald Jones,TB,RB,75,5,1,4,16,18,96
J.J. Nelson,ARI,WR,64,7,1,4,15.9,17.900000000000002,157
Derek Carrier,OAK,TE,67,7,1,3,16.2,17.7,73
Luke Willson,DET,TE,87,13,0,5,15.200000000000001,17.7,73
Seth DeValve,CLE,TE,74,5,1,3,15.9,17.400000000000002,75
C.J. Ham,MIN,FB,93,11,0,5,14.8,17.3,5
Robert Tonyan,GB,TE,77,4,1,3,15.700000000000001,17.2,76
Brice Butler,MIA,WR,60,6,1,4,15,17,158
NA,NA,NA,105,9,0,4,15,17,2
Niles Paul,JAX,TE,95,10,0,5,14.5,17,77
Cody Kessler,JAX,QB,124,0,0,9,12.4,16.900000000000002,32
DeAndre Washington,OAK,RB,124,1,0,8,12.9,16.900000000000002,97
Jermaine Gresham,ARI,TE,94,9,0,6,13.9,16.9,78
Darius Jennings,TEN,WR,103,11,0,2,15.8,16.8,159
Darrel Williams,KC,RB,71,3,1,4,14.6,16.599999999999998,98
Eli Rogers,PIT,WR,77,12,0,5,13.700000000000001,16.2,160
Alex Armah,CAR,FB,20,1,2,3,14.5,16,6
Carson Wentz,PHI,QB,105,1,0,10,11,16,33
Tommylee Lewis,NO,WR,70,3,1,3,14.5,16,161
C.J. Beathard,SF,QB,69,0,1,6,12.9,15.9,34
Logan Thomas,BUF,TE,77,12,0,3,13.700000000000001,15.200000000000001,79
Darren Waller,OAK,TE,96,6,0,5,12.6,15.100000000000001,80
Durham Smythe,MIA,TE,50,6,1,2,14,15,81
Adam Shaheen,CHI,TE,48,5,1,3,13.3,14.8,82
John Kelly,LA,RB,101,2,0,7,11.100000000000001,14.600000000000001,99
Jake Butt,DEN,TE,85,8,0,4,12.500000000000002,14.500000000000002,83
Willie Snead,BAL,WR,49,4,1,3,12.9,14.4,162
Jeremy Sprinkle,WAS,TE,41,5,1,3,12.600000000000001,14.100000000000001,84
Keith Ford,BUF,RB,100,3,0,5,11.5,14,100
A.J. Derby,MIA,TE,48,3,1,3,12.3,13.8,85
Derek Carr,OAK,QB,48,1,1,5,11.3,13.799999999999999,35
NA,NA,NA,66,1,1,1,13.100000000000001,13.600000000000001,3
Xavier Grimble,PIT,TE,86,6,0,4,11.6,13.6,86
Elijhaa Penny,NYG,RB,75,8,0,3,11.5,13,101
Mark Walton,CIN,RB,75,5,0,6,10,13,101
NA,NA,NA,50,0,1,4,11,13,4
Kevin White,CHI,WR,92,4,0,3,11.200000000000001,12.700000000000001,163
Mike Gillislee,NO,RB,52,1,1,2,11.700000000000001,12.700000000000001,103
Chris Manhertz,CAR,TE,52,2,1,1,12.2,12.7,87
Devonta Freeman,ATL,RB,91,5,0,2,11.600000000000001,12.600000000000001,104
Corey Coleman,NYG,WR,76,5,0,5,10.1,12.6,164
De'Anthony Thomas,KC,WR,35,3,1,3,11,12.5,165
Blake Bell,JAX,TE,67,8,0,3,10.700000000000001,12.200000000000001,88
Andy Dalton,CIN,QB,101,0,0,4,10.100000000000001,12.100000000000001,36
Charcandrick West,KC,RB,36,2,1,3,10.600000000000001,12.100000000000001,105
Tyler Conklin,MIN,TE,77,5,0,3,10.200000000000001,11.700000000000001,89
Josh Perkins,PHI,TE,67,5,0,4,9.2,11.2,90
Eli Manning,NYG,QB,24,0,1,5,8.4,10.9,37
Rashad Greene,JAX,WR,60,6,0,3,9,10.5,166
Detrez Newsome,LAC,RB,68,2,0,5,7.800000000000001,10.3,106
Russell Gage,ATL,WR,63,6,0,2,9.3,10.3,167
Matt Lengel,CIN,TE,17,3,1,2,9.200000000000001,10.200000000000001,91
D'Onta Foreman,HOU,RB,27,2,1,1,9.7,10.2,107
Joe Flacco,BAL,QB,52,0,0,10,5.2,10.2,38
David Grinnage,JAX,TE,61,6,0,2,9.100000000000001,10.100000000000001,92
Patrick DiMarco,BUF,RB,71,3,0,3,8.600000000000001,10.100000000000001,108
NA,NA,NA,74,1,0,3,7.9,9.4,5
Kamar Aiken,PHI,WR,53,6,0,2,8.3,9.3,168
Dwayne Harris,OAK,WR,52,6,0,2,8.200000000000001,9.2,169
Delanie Walker,TEN,TE,52,4,0,4,7.2,9.2,93
Kyle Allen,CAR,QB,19,0,1,2,7.9,8.9,39
Noah Brown,DAL,WR,54,5,0,2,7.9,8.9,170
Antony Auclair,TB,TE,48,7,0,1,8.3,8.8,94
Neal Sterling,NYJ,TE,47,6,0,2,7.7,8.7,95
Derrick Willies,CLE,WR,61,3,0,2,7.6000000000000005,8.600000000000001,171
Colt McCoy,WAS,QB,64,0,0,4,6.4,8.4,40
Eric Saubert,ATL,TE,48,5,0,2,7.300000000000001,8.3,96
Bobo Wilson,TB,WR,52,4,0,2,7.2,8.200000000000001,172
Jacob Hollister,NE,TE,52,4,0,2,7.2,8.2,97
NA,NA,NA,11,1,1,1,7.6,8.1,6
T.J. Logan,ARI,RB,39,7,0,1,7.4,7.9,109
NA,NA,NA,7,1,1,1,7.2,7.7,7
Tommy Bohanon,JAX,FB,41,6,0,1,7.1000000000000005,7.6000000000000005,7
Tyler Kroft,CIN,TE,36,4,0,4,5.6,7.6,98
Jawill Davis,NYG,WR,40,4,0,3,6,7.5,173
Ray-Ray McCloud,BUF,WR,40,5,0,2,6.5,7.5,173
Chad Beebe,MIN,WR,39,4,0,3,5.9,7.3999999999999995,175
Nick Foles,PHI,QB,33,1,0,7,3.8000000000000003,7.3,41
NA,NA,NA,2,1,1,1,6.7,7.2,8
NA,NA,NA,2,1,1,1,6.7,7.2,8
Roosevelt Nix,PIT,FB,42,4,0,2,6.2,7.2,8
David Morgan,MIN,TE,36,5,0,2,6.1000000000000005,7.1000000000000005,99
Roc Thomas,MIN,RB,51,2,0,2,6.1000000000000005,7.1000000000000005,110
Ryan Hewitt,IND,TE,1,1,1,1,6.6,7.1,100
Rico Gathers,DAL,TE,45,3,0,2,6,7.000000000000001,101
Brian Parker,DEN,TE,33,5,0,2,5.8,6.8,102
Mike Boone,MIN,RB,48,2,0,2,5.8,6.8,111
Ben Braunecker,CHI,TE,42,3,0,2,5.7,6.7,103
Jalen Tolliver,ARI,WR,37,3,0,3,5.2,6.7,176
NA,NA,NA,1,0,1,1,6.1,6.6,10
Auden Tate,CIN,WR,35,4,0,2,5.5,6.5,177
Byron Marshall,WAS,RB,39,4,0,1,5.9,6.4,112
Keith Smith,OAK,FB,23,5,0,3,4.8,6.3,9
Samaje Perine,WAS,RB,37,3,0,2,5.2,6.200000000000001,113
Javon Wims,CHI,WR,32,4,0,2,5.2,6.2,178
Marcedes Lewis,GB,TE,39,3,0,1,5.4,5.9,104
John Phillips,ARI,TE,38,3,0,1,5.300000000000001,5.800000000000001,105
Shelton Gibson,PHI,WR,48,1,0,1,5.300000000000001,5.800000000000001,179
Tre Madden,SEA,FB,38,2,0,2,4.800000000000001,5.800000000000001,10
NA,NA,NA,35,3,0,1,5.000000000000001,5.500000000000001,11
DeShone Kizer,GB,QB,40,0,0,3,4,5.5,42
River Cracraft,DEN,WR,44,1,0,1,4.9,5.4,180
Rishard Matthews,NYJ,WR,24,5,0,1,4.9,5.4,180
Dwayne Allen,NE,TE,27,3,0,2,4.2,5.2,106
Jordan Franks,CIN,TE,37,2,0,1,4.7,5.2,106
Dave Williams,JAX,RB,36,0,0,3,3.6,5.1000000000000005,114
NA,NA,NA,29,3,0,1,4.4,4.9,12
Shaun Wilson,TB,RB,34,3,0,0,4.9,4.9,115
NA,NA,NA,42,0,0,1,4.2,4.7,13
Justin Hunter,PIT,WR,21,3,0,2,3.6,4.6,182
Charone Peake,NYJ,WR,25,2,0,2,3.5,4.5,183
Nick Bellore,DET,FB,15,4,0,2,3.5,4.5,11
Jimmy Garoppolo,SF,QB,34,0,0,2,3.4000000000000004,4.4,43
Brian Quick,WAS,WR,18,3,0,2,3.3000000000000003,4.300000000000001,184
Taylor Heinicke,CAR,QB,33,0,0,2,3.3000000000000003,4.300000000000001,44
Josh McCown,NYJ,QB,32,0,0,2,3.2,4.2,45
Jeremy Hill,NE,RB,31,1,0,1,3.6,4.1,116
Benny Cunningham,CHI,RB,29,1,0,1,3.4,3.9,117
Orson Charles,CLE,TE,23,3,0,0,3.8,3.8,108
Malik Turner,SEA,WR,20,2,0,1,3.0000000000000004,3.5000000000000004,185
Derrick Coleman,ARI,FB,20,2,0,1,3,3.5,12
C.J. Prosise,SEA,RB,19,3,0,0,3.4000000000000004,3.4000000000000004,118
Sean Culkin,LAC,TE,24,1,0,1,2.9000000000000004,3.4000000000000004,109
Brandon Zylstra,MIN,WR,23,1,0,1,2.8000000000000003,3.3000000000000003,186
Tyrone Swoopes,SEA,TE,23,1,0,1,2.8000000000000003,3.3000000000000003,110
Terrance Williams,DAL,WR,18,2,0,1,2.8000000000000003,3.3000000000000003,186
Gehrig Dieter,KC,WR,22,1,0,1,2.7,3.2,189
KhaDarel Hodge,LA,WR,17,2,0,1,2.7,3.2,189
Nick Williams,LA,WR,17,2,0,1,2.7,3.2,189
Chase Daniel,CHI,QB,17,1,0,2,2.2,3.1999999999999997,46
De'Lance Turner,BAL,RB,21,2,0,0,3.1000000000000005,3.1000000000000005,119
NA,NA,NA,26,0,0,1,2.6,3.1,14
Jeremy Langford,ATL,RB,25,0,0,1,2.5,3,120
J'Mon Moore,GB,WR,15,2,0,1,2.5,3,191
Brock Osweiler,MIA,QB,23,0,0,1,2.3000000000000003,2.8000000000000003,47
NA,NA,NA,13,2,0,1,2.3,2.8,15
Travaris Cadet,CAR,RB,22,1,0,0,2.7,2.7,121
NA,NA,NA,11,3,0,0,2.6,2.6,16
Joshua Dobbs,PIT,QB,15,0,0,2,1.5,2.5,48
Alan Cross,TB,TE,9,2,0,1,1.9000000000000001,2.4000000000000004,112
Justin Davis,LA,RB,19,0,0,1,1.9000000000000001,2.4000000000000004,122
Matt Flanagan,WAS,TE,14,1,0,1,1.9000000000000001,2.4000000000000004,112
Ross Dwelley,SF,TE,14,2,0,0,2.4000000000000004,2.4000000000000004,112
Tim White,BAL,WR,14,1,0,1,1.9000000000000001,2.4000000000000004,192
Jamaal Charles,JAX,RB,14,2,0,0,2.4,2.4,123
Derek Watt,LAC,FB,13,1,0,1,1.8,2.3,13
NA,NA,NA,13,2,0,0,2.3,2.3,17
NA,NA,NA,17,0,0,1,1.7000000000000002,2.2,18
Josh Malone,CIN,WR,12,1,0,1,1.7000000000000002,2.2,193
Sammie Coates,HOU,WR,12,1,0,1,1.7000000000000002,2.2,193
NA,NA,NA,12,1,0,1,1.7000000000000002,2.2,18
David Fluellen,TEN,RB,16,0,0,1,1.6,2.1,124
NA,NA,NA,11,2,0,0,2.1,2.1,20
NA,NA,NA,10,1,0,1,1.5,2,21
NA,NA,NA,10,1,0,1,1.5,2,21
De'Angelo Henderson Sr.,NYJ,RB,19,0,0,0,1.9000000000000001,1.9000000000000001,125
Matt Cassel,DET,QB,14,0,0,1,1.4000000000000001,1.9000000000000001,49
Philip Rivers,LAC,QB,14,0,0,1,1.4000000000000001,1.9000000000000001,49
NA,NA,NA,14,0,0,1,1.4000000000000001,1.9000000000000001,23
Dion Sims,CHI,TE,9,2,0,0,1.9,1.9,114
Damiere Byrd,CAR,WR,8,1,0,1,1.3,1.8,195
Darvin Kidsy,WAS,WR,8,1,0,1,1.3,1.8,195
Robert Turbin,IND,RB,13,1,0,0,1.8,1.8,126
Jeremy Kerley,BUF,WR,7,2,0,0,1.7000000000000002,1.7000000000000002,197
Jonathan Stewart,NYG,RB,17,0,0,0,1.7000000000000002,1.7000000000000002,127
Richard Rodgers,PHI,TE,7,1,0,1,1.2000000000000002,1.7000000000000002,115
Teddy Bridgewater,NO,QB,12,0,0,1,1.2000000000000002,1.7000000000000002,51
Darius Jackson,DAL,RB,16,0,0,0,1.6,1.6,128
NA,NA,NA,6,1,0,1,1.1,1.6,24
NA,NA,NA,15,0,0,0,1.5,1.5,25
Cam Phillips,BUF,WR,9,1,0,0,1.4,1.4,198
NA,NA,NA,9,1,0,0,1.4,1.4,27
NA,NA,NA,9,1,0,0,1.4,1.4,27
NA,NA,NA,9,0,0,1,0.9,1.4,27
Jehu Chesson,WAS,WR,3,1,0,1,0.8000000000000002,1.3000000000000003,199
Keon Hatcher,OAK,WR,8,1,0,0,1.3,1.3,200
Mark Sanchez,WAS,QB,8,0,0,1,0.8,1.3,52
Rob Kelley,WAS,RB,8,0,0,1,0.8,1.3,129
Sam Bradford,ARI,QB,8,0,0,1,0.8,1.3,52
Allen Lazard,GB,WR,7,1,0,0,1.2000000000000002,1.2000000000000002,201
NA,NA,NA,12,0,0,0,1.2000000000000002,1.2000000000000002,29
Marcus Kemp,KC,WR,7,1,0,0,1.2000000000000002,1.2000000000000002,201
NA,NA,NA,7,0,0,1,0.7000000000000001,1.2000000000000002,29
Blaine Gabbert,TEN,QB,2,0,0,2,0.2,1.2,54
NA,NA,NA,2,1,0,1,0.7,1.2,31
Ronald Jones,TB,RB,2,2,0,0,1.2,1.2,130
NA,NA,NA,6,0,0,1,0.6000000000000001,1.1,32
Johnny Mundt,LA,TE,5,1,0,0,1,1,116
Justin Watson,TB,WR,5,1,0,0,1,1,203
Khari Lee,BUF,TE,5,1,0,0,1,1,116
Christine Michael,IND,RB,9,0,0,0,0.9,0.9,131
Geno Smith,LAC,QB,9,0,0,0,0.9,0.9,55
NA,NA,NA,4,0,0,1,0.4,0.9,33
NA,NA,NA,4,0,0,1,0.4,0.9,33
NA,NA,NA,3,0,0,1,0.30000000000000004,0.8,35
J.J. Jones,NYJ,WR,3,1,0,0,0.8,0.8,204
J.D. McKissic,SEA,RB,8,0,0,0,0.8,0.8,132
Sean Mannion,LA,QB,3,0,0,1,0.30000000000000004,0.8,56
Brian Hoyer,NE,QB,2,0,0,1,0.2,0.7,57
Darrius Heyward-Bey,PIT,WR,2,1,0,0,0.6999999999999998,0.6999999999999998,205
NA,NA,NA,1,1,0,0,0.6,0.6,36
Chad Henne,KC,QB,3,0,0,0,0.30000000000000004,0.30000000000000004,58
NA,NA,NA,3,0,0,0,0.30000000000000004,0.30000000000000004,37
NA,NA,NA,-2,1,0,0,0.3,0.3,38
Nick Mullens,SF,QB,-2,0,0,1,-0.2,0.29999999999999993,59
NA,NA,NA,2,0,0,0,0.2,0.2,39
NA,NA,NA,-4,1,0,0,0.09999999999999998,0.09999999999999998,40
AJ McCarron,OAK,QB,0,0,0,0,0,0,60
NA,NA,NA,0,0,0,0,0,0,47
NA,NA,NA,0,0,0,0,0,0,47
NA,NA,NA,0,0,0,0,0,0,47
Chris Lacy,DET,WR,0,0,0,0,0,0,208
NA,NA,NA,0,0,0,0,0,0,47
Darrell Daniels,ARI,TE,0,0,0,0,0,0,118
Geremy Davis,LAC,WR,0,0,0,0,0,0,208
Isaiah Ford,MIA,WR,0,0,0,0,0,0,208
Jerome Cunningham,DET,TE,0,0,0,0,0,0,118
Johnny Holton,OAK,WR,0,0,0,0,0,0,208
NA,NA,NA,-5,1,0,0,0,0,47
Matt Barkley,BUF,QB,0,0,0,0,0,0,60
NA,NA,NA,0,0,0,0,0,0,47
NA,NA,NA,0,0,0,0,0,0,47
NA,NA,NA,0,0,0,0,0,0,47
Mike Wallace,PHI,WR,0,0,0,0,0,0,208
NA,NA,NA,0,0,0,0,0,0,47
Riley McCarron,NE,WR,0,0,0,0,0,0,208
NA,NA,NA,0,0,0,0,0,0,47
NA,NA,NA,0,0,0,0,0,0,47
NA,NA,NA,0,0,0,0,0,0,47
NA,NA,NA,0,0,0,0,0,0,47
Matt Schaub,ATL,QB,-7,1,0,0,-0.20000000000000007,-0.20000000000000007,62
NA,NA,NA,-11,0,0,0,-1.1,-1.1,54
NA,NA,NA,-8530,0,14,0,-769,-769,55
