QB,RB,RB,WR,WR,WR,TE,DST,FLEX,PROJ,ACTUAL
Patrick Mahomes,Alvin Kamara,Austin Ekeler,Julio Jones,Jamison Crowder,Tyrell Williams,Darren Waller,New England Patriots,Josh Jacobs,156.72,180.32
Matt Ryan,Christian McCaffrey,Nick Chubb,Julio Jones,Calvin Ridley,Larry Fitzgerald,T.J. Hockenson,New England Patriots,Josh Jacobs,152.85,177.3
Patrick Mahomes,Christian McCaffrey,Chris Thompson,Julio Jones,Sammy Watkins,Calvin Ridley,Delanie Walker,Houston Texans,Darren Waller,151.6,152.22
Patrick Mahomes,Christian McCaffrey,Austin Ekeler,Julio Jones,Larry Fitzgerald,Christian Kirk,Mark Andrews,Cincinnati Bengals,Devin Singletary,149.88,174.52
Josh Allen,Nick Chubb,Austin Ekeler,Julio Jones,Sammy Watkins,John Brown,Evan Engram,Houston Texans,Josh Jacobs,149.84,152.72
Carson Wentz,Christian McCaffrey,Austin Ekeler,JuJu Smith-Schuster,Julio Jones,Tyrell Williams,Austin Hooper,Houston Texans,T.J. Hockenson,149.42,129.84
Derek Carr,Christian McCaffrey,Nick Chubb,Odell Beckham Jr,Julio Jones,Tyrell Williams,Mark Andrews,Denver Broncos,Darren Waller,149.06,157.62
Patrick Mahomes,James Conner,Nick Chubb,Julio Jones,Sammy Watkins,Tyrell Williams,T.J. Hockenson,Cincinnati Bengals,Devonta Freeman,149.02,135.12
Ben Roethlisberger,Christian McCaffrey,Josh Jacobs,JuJu Smith-Schuster,Julio Jones,D.K. Metcalf,Evan Engram,Indianapolis Colts,Darren Waller,148.94,107.4
Tom Brady,Christian McCaffrey,Austin Ekeler,Julio Jones,Josh Gordon,Devante Parker,Delanie Walker,Denver Broncos,Josh Jacobs,148.8,109.56
Patrick Mahomes,Nick Chubb,Austin Ekeler,Julio Jones,Brandin Cooks,Calvin Ridley,Austin Hooper,Denver Broncos,Damien Williams,147.83,171.42
Patrick Mahomes,Christian McCaffrey,Adrian Peterson,Julio Jones,Tyrell Williams,Keesean Johnson,Travis Kelce,Pittsburgh Steelers,Evan Engram,147.74,150.92
Patrick Mahomes,Christian McCaffrey,James Conner,Julio Jones,Mohamed Sanu,Courtland Sutton,Austin Hooper,New York Giants,Josh Jacobs,147.64,119.92
Carson Wentz,Alvin Kamara,Josh Jacobs,Keenan Allen,Julio Jones,Calvin Ridley,Mark Andrews,Houston Texans,Devin Singletary,147.38,162.24
Josh Allen,Christian McCaffrey,Alvin Kamara,Keenan Allen,Julio Jones,Travis Benjamin,Darren Waller,Cincinnati Bengals,T.J. Hockenson,147.27,96.92
Lamar Jackson,Christian McCaffrey,Alvin Kamara,Julio Jones,Courtland Sutton,Keesean Johnson,Mark Andrews,New England Patriots,Delanie Walker,147.26,165.98
Carson Wentz,Austin Ekeler,Devonta Freeman,Odell Beckham Jr,Julio Jones,Calvin Ridley,Evan Engram,New England Patriots,Delanie Walker,147.25,198.14
Tom Brady,Nick Chubb,Devin Singletary,Julio Jones,Sammy Watkins,Courtland Sutton,Travis Kelce,New England Patriots,Darren Waller,147.02,181.66
Matt Ryan,Alvin Kamara,Josh Jacobs,JuJu Smith-Schuster,Julio Jones,Sammy Watkins,Delanie Walker,Pittsburgh Steelers,Austin Hooper,146.89,119.2
Jared Goff,Christian McCaffrey,Devonta Freeman,Michael Thomas,Julio Jones,Ted Ginn,Darren Waller,New England Patriots,Adrian Peterson,146.79,146.82
Patrick Mahomes,Matt Breida,Josh Jacobs,Julio Jones,Sammy Watkins,D.K. Metcalf,Travis Kelce,Denver Broncos,Mark Andrews,146.77,175.22
Josh Allen,Christian McCaffrey,Josh Jacobs,Sammy Watkins,Christian Kirk,Tyrell Williams,Travis Kelce,New England Patriots,Delanie Walker,146.4,157.92
Patrick Mahomes,Saquon Barkley,Devin Singletary,Keenan Allen,Julio Jones,Danny Amendola,Delanie Walker,New England Patriots,T.J. Hockenson,146.34,167.82
Tom Brady,Christian McCaffrey,Alvin Kamara,Julio Jones,Calvin Ridley,Jamison Crowder,Austin Hooper,Indianapolis Colts,Adrian Peterson,146.22,128.66
Derek Carr,Saquon Barkley,Josh Jacobs,Davante Adams,Julio Jones,Sammy Watkins,Darren Waller,New York Giants,T.J. Hockenson,146.2,125.22
Matt Ryan,James Conner,Austin Ekeler,JuJu Smith-Schuster,Julio Jones,Calvin Ridley,Darren Waller,Cincinnati Bengals,Matt Breida,146.17,161.9
Ben Roethlisberger,Nick Chubb,Austin Ekeler,JuJu Smith-Schuster,Julio Jones,Tyler Lockett,Mark Andrews,New England Patriots,Adrian Peterson,146.17,185.4
Jared Goff,Alvin Kamara,Josh Jacobs,Michael Thomas,Julio Jones,Brandin Cooks,T.J. Hockenson,Denver Broncos,Chris Thompson,146.11,115.92
Lamar Jackson,Alvin Kamara,Chris Carson,Julio Jones,Larry Fitzgerald,Christian Kirk,Darren Waller,Houston Texans,Nick Chubb,146.0,163.08
Carson Wentz,Nick Chubb,Josh Jacobs,DeAndre Hopkins,Michael Thomas,Julio Jones,Darren Waller,Cincinnati Bengals,Austin Hooper,145.98,125.44
Matt Ryan,Nick Chubb,Austin Ekeler,Keenan Allen,Julio Jones,Tyrell Williams,Zach Ertz,Indianapolis Colts,Delanie Walker,145.95,163.3
Patrick Mahomes,Chris Carson,Josh Jacobs,Julio Jones,Calvin Ridley,Christian Kirk,Zach Ertz,Carolina Panthers,Evan Engram,145.87,168.72
Josh Allen,Christian McCaffrey,Chris Carson,Julio Jones,Jamison Crowder,Cole Beasley,Evan Engram,New England Patriots,Devin Singletary,145.88,150.62
Dak Prescott,Christian McCaffrey,Austin Ekeler,Julio Jones,Michael Gallup,Terry McLaurin,Darren Waller,Pittsburgh Steelers,Damien Williams,145.79,148.76
Patrick Mahomes,Christian McCaffrey,Damien Williams,JuJu Smith-Schuster,Larry Fitzgerald,Tyrell Williams,Darren Waller,New York Giants,Devonta Freeman,145.66,122.62
Patrick Mahomes,Christian McCaffrey,Austin Ekeler,Allen Robinson,Emmanuel Sanders,Courtland Sutton,Evan Engram,New England Patriots,T.J. Hockenson,145.49,161.62
Jared Goff,James Conner,Josh Jacobs,Julio Jones,Robert Woods,Cooper Kupp,Evan Engram,New England Patriots,Mark Andrews,145.35,176.92
Cam Newton,Christian McCaffrey,Austin Ekeler,Julio Jones,John Brown,Curtis Samuel,Greg Olsen,New England Patriots,Chris Thompson,145.3,173.12
Carson Wentz,Alvin Kamara,Adrian Peterson,Julio Jones,Sammy Watkins,Christian Kirk,Zach Ertz,New England Patriots,T.J. Hockenson,145.16,155.54
Tom Brady,Saquon Barkley,Chris Thompson,Julio Jones,Calvin Ridley,Tyrell Williams,Zach Ertz,New England Patriots,Mark Andrews,145.12,216.36
Patrick Mahomes,Alvin Kamara,James Conner,Julio Jones,John Brown,Cole Beasley,Evan Engram,Indianapolis Colts,Delanie Walker,145.02,136.92
Patrick Mahomes,Nick Chubb,Duke Johnson,JuJu Smith-Schuster,Julio Jones,Mohamed Sanu,Zach Ertz,Pittsburgh Steelers,Darren Waller,145.01,144.62
Baker Mayfield,Christian McCaffrey,Josh Jacobs,DeAndre Hopkins,Julio Jones,Jamison Crowder,Mark Andrews,Pittsburgh Steelers,David Njoku,144.98,119.0
Josh Allen,Christian McCaffrey,Austin Ekeler,Julio Jones,Calvin Ridley,Keesean Johnson,Zach Ertz,New York Giants,Duke Johnson,144.94,140.32
Patrick Mahomes,Saquon Barkley,Nick Chubb,Julio Jones,Michael Gallup,Terry McLaurin,Vernon Davis,Indianapolis Colts,Josh Jacobs,144.84,162.32
Tom Brady,Alvin Kamara,Nick Chubb,Julio Jones,Julian Edelman,Preston Williams,T.J. Hockenson,Pittsburgh Steelers,Austin Ekeler,144.81,134.56
Josh Allen,Alvin Kamara,Nick Chubb,Odell Beckham Jr,Julio Jones,Mohamed Sanu,Austin Hooper,New England Patriots,Chris Thompson,144.8,170.82
Deshaun Watson,Chris Carson,Austin Ekeler,DeAndre Hopkins,Julio Jones,Will Fuller,T.J. Hockenson,Indianapolis Colts,Josh Jacobs,144.66,112.06
Matt Ryan,Austin Ekeler,Damien Williams,Odell Beckham Jr,Julio Jones,DeSean Jackson,Mark Andrews,New York Giants,Josh Jacobs,144.64,159.8
Jared Goff,Christian McCaffrey,Austin Ekeler,Sammy Watkins,D.J. Moore,Tyrell Williams,Evan Engram,Cincinnati Bengals,Darren Waller,144.62,117.22
Patrick Mahomes,Christian McCaffrey,Alvin Kamara,DeAndre Hopkins,Tyrell Williams,Ryan Grant,Delanie Walker,Denver Broncos,T.J. Hockenson,144.58,85.92
Patrick Mahomes,Christian McCaffrey,Nick Chubb,JuJu Smith-Schuster,Marquise Brown,Keesean Johnson,Mark Andrews,Houston Texans,Josh Jacobs,144.51,146.92
Patrick Mahomes,Damien Williams,James White,Julio Jones,Sammy Watkins,Ryan Grant,Evan Engram,New England Patriots,Duke Johnson,144.51,149.32
Patrick Mahomes,James Conner,Josh Jacobs,DeAndre Hopkins,Sammy Watkins,Larry Fitzgerald,Evan Engram,Pittsburgh Steelers,Darren Waller,144.5,127.42
Josh Allen,James Conner,Duke Johnson,Davante Adams,Julio Jones,Tyrell Williams,Travis Kelce,Houston Texans,Darren Waller,144.47,154.62
Jared Goff,Alvin Kamara,Austin Ekeler,Julio Jones,Robert Woods,Ted Ginn,Delanie Walker,Houston Texans,Damien Williams,144.46,114.72
Matt Ryan,Alvin Kamara,Derrick Henry,Julio Jones,Calvin Ridley,Tyrell Williams,Evan Engram,Denver Broncos,Duke Johnson,144.3,138.1
Derek Carr,Damien Williams,Matt Breida,DeAndre Hopkins,Julio Jones,Tyrell Williams,Travis Kelce,New England Patriots,T.J. Hockenson,144.22,158.12
Andy Dalton,Christian McCaffrey,Josh Jacobs,Julio Jones,John Ross,Tyrell Williams,George Kittle,Cleveland Browns,Devin Singletary,144.2,143.34
Patrick Mahomes,Devonta Freeman,Tarik Cohen,DeAndre Hopkins,Julio Jones,Christian Kirk,Travis Kelce,Indianapolis Colts,Darren Waller,144.19,153.52
Patrick Mahomes,Christian McCaffrey,James Conner,John Brown,Christian Kirk,Ryan Grant,Darren Waller,New England Patriots,Nick Chubb,144.17,160.92
Patrick Mahomes,Christian McCaffrey,Matt Breida,Julio Jones,D.J. Moore,Curtis Samuel,OJ Howard,Indianapolis Colts,T.J. Hockenson,144.14,129.62
Patrick Mahomes,Nick Chubb,Josh Jacobs,DeAndre Hopkins,Calvin Ridley,Tyrell Williams,Travis Kelce,New York Giants,Devin Singletary,144.1,157.82
Patrick Mahomes,Nick Chubb,Austin Ekeler,Keenan Allen,Sammy Watkins,Josh Gordon,Mark Andrews,New York Giants,Darren Waller,144.05,154.82
Matt Ryan,Austin Ekeler,Duke Johnson,DeAndre Hopkins,Julio Jones,Robert Woods,Austin Hooper,New England Patriots,Devin Singletary,144.04,154.4
Carson Wentz,Christian McCaffrey,Nick Chubb,Julio Jones,Christian Kirk,Mohamed Sanu,Delanie Walker,Jacksonville Jaguars,Damien Williams,143.98,127.74
Patrick Mahomes,Alvin Kamara,Devonta Freeman,JuJu Smith-Schuster,Julio Jones,D.K. Metcalf,Vance McDonald,Houston Texans,Adrian Peterson,143.96,155.12
Patrick Mahomes,Nick Chubb,Matt Breida,Odell Beckham Jr,Julio Jones,Jamison Crowder,Evan Engram,New York Giants,David Njoku,143.9,155.12
Carson Wentz,Austin Ekeler,Josh Jacobs,Davante Adams,Julio Jones,Larry Fitzgerald,Zach Ertz,Pittsburgh Steelers,Tarik Cohen,143.87,152.04
Deshaun Watson,Austin Ekeler,Chris Thompson,Julio Jones,Sammy Watkins,Larry Fitzgerald,Travis Kelce,New York Giants,Tyrell Williams,143.86,151.46
Tom Brady,Christian McCaffrey,Josh Jacobs,Michael Thomas,Robert Woods,Cooper Kupp,Darren Waller,Houston Texans,T.J. Hockenson,143.82,111.56
Carson Wentz,Christian McCaffrey,Matt Breida,Julio Jones,Jamison Crowder,Courtland Sutton,Zach Ertz,Cleveland Browns,Darren Waller,143.81,133.14
Cam Newton,Alvin Kamara,Devonta Freeman,Julio Jones,D.J. Moore,Curtis Samuel,Evan Engram,Cincinnati Bengals,Josh Jacobs,143.8,113.22
Cam Newton,Dalvin Cook,Chris Carson,Keenan Allen,Julio Jones,Calvin Ridley,Darren Waller,New England Patriots,Austin Hooper,143.64,189.72
Cam Newton,Christian McCaffrey,Josh Jacobs,Julio Jones,Mike Evans,Christian Kirk,OJ Howard,Houston Texans,Adrian Peterson,143.63,114.82
Ben Roethlisberger,Christian McCaffrey,Alvin Kamara,Julio Jones,Tyrell Williams,Donte Moncrief,Vance McDonald,Carolina Panthers,Chris Thompson,143.59,102.4
Patrick Mahomes,Nick Chubb,Josh Jacobs,Michael Thomas,Robert Woods,Brandin Cooks,Delanie Walker,New England Patriots,Adrian Peterson,143.59,163.12
Ben Roethlisberger,Chris Carson,Matt Breida,Michael Thomas,Julio Jones,Sammy Watkins,Darren Waller,Pittsburgh Steelers,Tyrell Williams,143.55,126.2
Matt Ryan,Christian McCaffrey,Saquon Barkley,Julio Jones,Christian Kirk,A.J. Brown,Darren Waller,Carolina Panthers,Austin Hooper,143.52,140.1
Patrick Mahomes,Alvin Kamara,Leonard Fournette,Julio Jones,DeSean Jackson,Calvin Ridley,T.J. Hockenson,New York Giants,Kenyan Drake,143.39,126.92
Patrick Mahomes,Austin Ekeler,Duke Johnson,Michael Thomas,Julio Jones,Cooper Kupp,T.J. Hockenson,Carolina Panthers,Ted Ginn,143.32,140.82
Patrick Mahomes,Christian McCaffrey,Josh Jacobs,Brandin Cooks,John Ross,Terry McLaurin,Travis Kelce,Carolina Panthers,Darren Waller,143.3,155.82
Patrick Mahomes,Saquon Barkley,Josh Jacobs,Keenan Allen,Sammy Watkins,Tyrell Williams,Austin Hooper,Houston Texans,Adrian Peterson,143.29,143.92
Patrick Mahomes,Matt Breida,Kenyan Drake,Michael Thomas,Julio Jones,Larry Fitzgerald,Zach Ertz,New England Patriots,Austin Hooper,143.26,192.12
Patrick Mahomes,Chris Carson,Austin Ekeler,JuJu Smith-Schuster,Sammy Watkins,Tyrell Williams,Delanie Walker,Cleveland Browns,Devin Singletary,143.24,143.12
Tom Brady,Alvin Kamara,Damien Williams,DeAndre Hopkins,Sammy Watkins,Tyrell Williams,Mark Andrews,Houston Texans,Darren Waller,143.23,126.26
Patrick Mahomes,Christian McCaffrey,Devonta Freeman,Odell Beckham Jr,Robby Anderson,Jamison Crowder,Delanie Walker,Indianapolis Colts,Josh Jacobs,143.12,126.32
Matt Ryan,Christian McCaffrey,Devonta Freeman,Julio Jones,Josh Gordon,Mohamed Sanu,Evan Engram,Houston Texans,Mark Andrews,143.1,130.9
Josh Allen,Damien Williams,Josh Jacobs,Keenan Allen,JuJu Smith-Schuster,Julio Jones,Vance McDonald,New England Patriots,Donte Moncrief,143.07,162.32
Jared Goff,Austin Ekeler,Derrick Henry,Julio Jones,Calvin Ridley,Mohamed Sanu,Travis Kelce,Cleveland Browns,Josh Jacobs,143.04,175.12
Jared Goff,Christian McCaffrey,Duke Johnson,Julio Jones,Brandin Cooks,Cooper Kupp,Delanie Walker,Pittsburgh Steelers,Devin Singletary,143.03,124.92
Carson Wentz,Christian McCaffrey,Alvin Kamara,Calvin Ridley,Mohamed Sanu,D.K. Metcalf,Darren Waller,Denver Broncos,Austin Ekeler,143.01,119.64
Lamar Jackson,Le'Veon Bell,Josh Jacobs,JuJu Smith-Schuster,Julio Jones,Larry Fitzgerald,Mark Andrews,Carolina Panthers,Tyrell Williams,143.01,177.88
Cam Newton,James Conner,Austin Ekeler,Keenan Allen,Julio Jones,Marvin Jones,Evan Engram,Denver Broncos,T.J. Hockenson,142.96,124.32
Patrick Mahomes,Leonard Fournette,Matt Breida,JuJu Smith-Schuster,Sammy Watkins,Brandin Cooks,Darren Waller,New England Patriots,T.J. Hockenson,142.96,157.42
Matt Ryan,David Johnson,Josh Jacobs,Julio Jones,Brandin Cooks,Allen Robinson,Zach Ertz,Houston Texans,Darren Waller,142.83,138.2
Deshaun Watson,James Conner,James White,DeAndre Hopkins,Julio Jones,Dede Westbrook,Delanie Walker,New England Patriots,Darren Waller,142.82,136.36
Aaron Rodgers,Chris Carson,Josh Jacobs,Davante Adams,Julio Jones,Stefon Diggs,Delanie Walker,New England Patriots,Chris Thompson,142.78,153.06
Tom Brady,Le'Veon Bell,Devonta Freeman,Julio Jones,Brandin Cooks,DeSean Jackson,Austin Hooper,New England Patriots,Josh Jacobs,142.78,157.46
Carson Wentz,James Conner,Nick Chubb,Julio Jones,Calvin Ridley,Jamison Crowder,Travis Kelce,Pittsburgh Steelers,Chris Thompson,142.71,162.74
Patrick Mahomes,Dalvin Cook,Austin Ekeler,Julio Jones,T.Y. Hilton,A.J. Brown,Delanie Walker,Pittsburgh Steelers,Matt Breida,142.69,173.52
Derek Carr,Christian McCaffrey,Alvin Kamara,Sammy Watkins,Larry Fitzgerald,Terry McLaurin,Darren Waller,New England Patriots,Tarik Cohen,142.63,126.32
Carson Wentz,Saquon Barkley,Chris Carson,Julio Jones,Mohamed Sanu,Tyrell Williams,OJ Howard,Denver Broncos,Josh Jacobs,142.59,118.44
Baker Mayfield,Alvin Kamara,Chris Carson,Odell Beckham Jr,Julio Jones,Jamison Crowder,Delanie Walker,Carolina Panthers,T.J. Hockenson,142.53,122.0
Patrick Mahomes,Nick Chubb,James White,Michael Thomas,Davante Adams,Tyrell Williams,Evan Engram,Indianapolis Colts,Darren Waller,142.53,150.52
Patrick Mahomes,Alvin Kamara,Austin Ekeler,Sammy Watkins,Devante Parker,Terry McLaurin,Travis Kelce,Houston Texans,T.J. Hockenson,142.52,133.42
Jared Goff,Christian McCaffrey,Nick Chubb,Julio Jones,DeSean Jackson,Terry McLaurin,Evan Engram,Cleveland Browns,Austin Hooper,142.49,126.22
Patrick Mahomes,Saquon Barkley,Dalvin Cook,Julio Jones,Mecole Hardman,Larry Fitzgerald,Darren Waller,Denver Broncos,Adrian Peterson,142.48,181.82
Deshaun Watson,Christian McCaffrey,Austin Ekeler,Keenan Allen,Marvin Jones,Travis Benjamin,Mark Andrews,New England Patriots,Josh Jacobs,142.46,146.66
Deshaun Watson,Saquon Barkley,Duke Johnson,Julio Jones,DeSean Jackson,Calvin Ridley,Delanie Walker,Cincinnati Bengals,Josh Jacobs,142.42,115.36
Patrick Mahomes,Alvin Kamara,Nick Chubb,Keenan Allen,Marvin Jones,Christian Kirk,T.J. Hockenson,Cleveland Browns,Josh Jacobs,142.41,134.52
Derek Carr,Christian McCaffrey,Josh Jacobs,Julio Jones,Robert Woods,Ryan Grant,Travis Kelce,Cincinnati Bengals,Chris Thompson,142.39,101.32
Patrick Mahomes,Christian McCaffrey,Derrick Henry,Sammy Watkins,Tyrell Williams,Courtland Sutton,Mark Andrews,Indianapolis Colts,Duke Johnson,142.37,131.12
Andy Dalton,Christian McCaffrey,Austin Ekeler,JuJu Smith-Schuster,Tyler Boyd,John Ross,Delanie Walker,New England Patriots,Darren Waller,142.37,174.24
Matt Ryan,Alvin Kamara,Damien Williams,Davante Adams,Julio Jones,Mohamed Sanu,Darren Waller,Indianapolis Colts,Devin Singletary,142.37,126.5
Baker Mayfield,Le'Veon Bell,Austin Ekeler,Odell Beckham Jr,Julio Jones,Robby Anderson,Darren Waller,Houston Texans,Devin Singletary,142.35,173.0
Carson Wentz,Austin Ekeler,Duke Johnson,Julio Jones,Sammy Watkins,Brandin Cooks,Darren Waller,Indianapolis Colts,DeSean Jackson,142.3,122.34
Cam Newton,Nick Chubb,Austin Ekeler,Julio Jones,Chris Godwin,D.J. Moore,Darren Waller,Cleveland Browns,James White,142.28,174.22
Patrick Mahomes,Alvin Kamara,Nick Chubb,Julio Jones,Chris Godwin,Curtis Samuel,Mark Andrews,Jacksonville Jaguars,Greg Olsen,142.28,192.62
Tom Brady,Christian McCaffrey,Damien Williams,Julian Edelman,Calvin Ridley,Devante Parker,Evan Engram,New England Patriots,Darren Waller,142.24,137.36
Deshaun Watson,Alvin Kamara,Devonta Freeman,Julio Jones,John Brown,Calvin Ridley,Zach Ertz,Green Bay Packers,Darren Waller,142.24,143.06
Case Keenum,Christian McCaffrey,James Conner,Julio Jones,Tyrell Williams,Terry McLaurin,Vernon Davis,New England Patriots,Leonard Fournette,142.16,156.54
Josh Allen,Alvin Kamara,Adrian Peterson,DeAndre Hopkins,JuJu Smith-Schuster,John Brown,Evan Engram,New England Patriots,Darren Waller,142.14,137.12
Josh Allen,Christian McCaffrey,Nick Chubb,Davante Adams,Stefon Diggs,Marquez Valdes-Scantling,Darren Waller,Pittsburgh Steelers,Josh Jacobs,142.14,114.92
Lamar Jackson,Christian McCaffrey,Matt Breida,Julio Jones,Marquise Brown,Larry Fitzgerald,Evan Engram,Denver Broncos,Chris Thompson,142.11,145.88
Tom Brady,Alvin Kamara,Leonard Fournette,Odell Beckham Jr,Larry Fitzgerald,Christian Kirk,Mark Andrews,New England Patriots,Josh Jacobs,142.06,189.36
Cam Newton,Dalvin Cook,Nick Chubb,JuJu Smith-Schuster,Sammy Watkins,Tyrell Williams,Darren Waller,Green Bay Packers,Josh Jacobs,142.05,140.32
Deshaun Watson,Christian McCaffrey,Nick Chubb,Julio Jones,D.K. Metcalf,James Washington,Vance McDonald,New York Jets,Austin Ekeler,142.05,142.06
Kyler Murray,Alvin Kamara,Dalvin Cook,Julio Jones,Christian Kirk,Tyrell Williams,Mark Andrews,Pittsburgh Steelers,James Conner,142.05,172.76
Matthew Stafford,Christian McCaffrey,Damien Williams,Davante Adams,Julio Jones,Danny Amendola,T.J. Hockenson,Denver Broncos,Devonta Freeman,142.05,96.3
Patrick Mahomes,Le'Veon Bell,Chris Carson,Davante Adams,Julio Jones,Ryan Grant,Mark Andrews,Cleveland Browns,Darren Waller,142.04,173.72
Lamar Jackson,Christian McCaffrey,Austin Ekeler,DeAndre Hopkins,Christian Kirk,Keesean Johnson,Darren Waller,Chicago Bears,Josh Jacobs,142.02,128.18
Baker Mayfield,Christian McCaffrey,Duke Johnson,Odell Beckham Jr,Jarvis Landry,Courtland Sutton,Darren Waller,New England Patriots,Josh Jacobs,142.01,133.9
Josh Allen,Alvin Kamara,Matt Breida,Julio Jones,DeSean Jackson,John Ross,Zach Ertz,Indianapolis Colts,Josh Jacobs,141.97,133.32
Carson Wentz,Christian McCaffrey,Josh Jacobs,Odell Beckham Jr,Calvin Ridley,Tyrell Williams,Zach Ertz,Cincinnati Bengals,Adrian Peterson,141.96,137.34
Deshaun Watson,Alvin Kamara,Nick Chubb,Julio Jones,T.Y. Hilton,Corey Davis,Delanie Walker,Denver Broncos,Devin Singletary,141.95,111.96
Patrick Mahomes,Chris Carson,Austin Ekeler,Odell Beckham Jr,Calvin Ridley,Courtland Sutton,Travis Kelce,Pittsburgh Steelers,Darren Waller,141.93,183.22
Kyler Murray,Christian McCaffrey,Le'Veon Bell,Julio Jones,Larry Fitzgerald,Keesean Johnson,Darren Waller,Jacksonville Jaguars,James Conner,141.9,137.46
Tom Brady,Christian McCaffrey,Nick Chubb,DeAndre Hopkins,Tyrell Williams,Phillip Dorsett,Mike Gesicki,New England Patriots,Austin Ekeler,141.89,146.66
Patrick Mahomes,David Johnson,Adrian Peterson,DeAndre Hopkins,Julio Jones,Calvin Ridley,Greg Olsen,New England Patriots,Mohamed Sanu,141.87,184.92
Ben Roethlisberger,Christian McCaffrey,Devin Singletary,Julio Jones,Sammy Watkins,Ted Ginn,Zach Ertz,Denver Broncos,Austin Hooper,141.84,89.1
Patrick Mahomes,Alvin Kamara,Devonta Freeman,Michael Thomas,Sammy Watkins,Keesean Johnson,Darren Waller,Denver Broncos,Duke Johnson,141.81,104.32
Marcus Mariota,Christian McCaffrey,Saquon Barkley,Julio Jones,Corey Davis,Tyrell Williams,Delanie Walker,New York Giants,Miles Sanders,141.8,115.76
Philip Rivers,Nick Chubb,Damien Williams,Odell Beckham Jr,Keenan Allen,Julio Jones,T.J. Hockenson,Houston Texans,Adrian Peterson,141.78,142.72
Patrick Mahomes,Austin Ekeler,Chris Thompson,Julio Jones,Robert Woods,DeSean Jackson,Zach Ertz,Cleveland Browns,Adrian Peterson,141.76,148.22
Josh Allen,Ezekiel Elliott,Leonard Fournette,Julio Jones,Alshon Jeffery,Calvin Ridley,Darren Waller,Denver Broncos,Josh Jacobs,141.74,139.22
Josh Allen,Christian McCaffrey,Josh Jacobs,Julio Jones,Chris Godwin,D.J. Moore,Greg Olsen,Carolina Panthers,Tarik Cohen,141.73,147.52
Patrick Mahomes,Chris Carson,Nick Chubb,Julio Jones,John Ross,D.K. Metcalf,George Kittle,New England Patriots,Tyler Eifert,141.72,191.32
Tom Brady,Christian McCaffrey,Alvin Kamara,JuJu Smith-Schuster,D.K. Metcalf,James Washington,T.J. Hockenson,New England Patriots,Chris Thompson,141.72,120.56
Patrick Mahomes,Le'Veon Bell,Dalvin Cook,Julio Jones,Kenny Golladay,Travis Benjamin,T.J. Hockenson,Houston Texans,Josh Jacobs,141.69,169.52
Derek Carr,Alvin Kamara,James White,JuJu Smith-Schuster,Julio Jones,Keesean Johnson,Travis Kelce,Carolina Panthers,Darren Waller,141.69,125.72
Patrick Mahomes,David Johnson,Nick Chubb,Julio Jones,Larry Fitzgerald,Ryan Grant,Travis Kelce,Carolina Panthers,Delanie Walker,141.66,154.22
Patrick Mahomes,Christian McCaffrey,Austin Ekeler,Sammy Watkins,Stefon Diggs,Ryan Grant,Vernon Davis,Jacksonville Jaguars,Josh Jacobs,141.66,113.62
Carson Wentz,Alvin Kamara,Damien Williams,Julio Jones,Julian Edelman,Larry Fitzgerald,Evan Engram,New York Giants,Austin Hooper,141.65,113.54
Ben Roethlisberger,Alvin Kamara,Austin Ekeler,Julio Jones,Mohamed Sanu,Courtland Sutton,Zach Ertz,Jacksonville Jaguars,Evan Engram,141.63,114.5
Marcus Mariota,James Conner,Devonta Freeman,Michael Thomas,Julio Jones,T.Y. Hilton,Delanie Walker,Houston Texans,Josh Jacobs,141.59,127.86
Jared Goff,Saquon Barkley,Nick Chubb,Julio Jones,Sammy Watkins,Larry Fitzgerald,Mark Andrews,Pittsburgh Steelers,Keesean Johnson,141.56,166.62
Patrick Mahomes,Christian McCaffrey,Miles Sanders,JuJu Smith-Schuster,Julio Jones,Devante Parker,Mike Gesicki,New England Patriots,Preston Williams,141.52,143.02
Dak Prescott,Austin Ekeler,Matt Breida,Keenan Allen,Julio Jones,Alshon Jeffery,Austin Hooper,Carolina Panthers,Josh Jacobs,141.45,141.86
Tom Brady,Christian McCaffrey,Alvin Kamara,John Brown,Tyrell Williams,Cody Latimer,Evan Engram,New York Giants,Josh Jacobs,141.41,97.46
Ben Roethlisberger,Alvin Kamara,Austin Ekeler,Odell Beckham Jr,JuJu Smith-Schuster,Donte Moncrief,T.J. Hockenson,Cincinnati Bengals,Josh Jacobs,141.41,88.4
Patrick Mahomes,Christian McCaffrey,Josh Jacobs,Tyler Lockett,Cooper Kupp,D.K. Metcalf,Vance McDonald,New England Patriots,Devin Singletary,141.4,177.92
Cam Newton,Josh Jacobs,Tarik Cohen,Odell Beckham Jr,Julio Jones,Sammy Watkins,David Njoku,New England Patriots,Robby Anderson,141.4,151.42
Kyler Murray,Saquon Barkley,Matt Breida,Julio Jones,Christian Kirk,Keesean Johnson,George Kittle,New England Patriots,Josh Jacobs,141.39,174.46
Josh Allen,Saquon Barkley,James Conner,Julio Jones,Calvin Ridley,Mohamed Sanu,T.J. Hockenson,Carolina Panthers,Damien Williams,141.39,141.22
Carson Wentz,Le'Veon Bell,David Johnson,Julio Jones,Robert Woods,Calvin Ridley,Darren Waller,New York Giants,Tyrell Williams,141.37,144.04
Matt Ryan,Ezekiel Elliott,Chris Thompson,Julio Jones,D.J. Moore,DeSean Jackson,Evan Engram,New England Patriots,Darren Waller,141.34,166.8
Deshaun Watson,Christian McCaffrey,Devin Singletary,Keenan Allen,Jamison Crowder,Tyrell Williams,Travis Kelce,Indianapolis Colts,Darren Waller,141.33,117.26
Josh Allen,Austin Ekeler,James White,Davante Adams,Julio Jones,Adam Thielen,T.J. Hockenson,New England Patriots,Marquez Valdes-Scantling,141.33,165.72
Dak Prescott,Christian McCaffrey,Nick Chubb,Amari Cooper,Julio Jones,Courtland Sutton,Vernon Davis,Cincinnati Bengals,Adrian Peterson,141.31,123.86
Patrick Mahomes,James Conner,Austin Ekeler,Julio Jones,Mike Evans,D.J. Moore,Greg Olsen,Houston Texans,Vernon Davis,141.29,167.92
Lamar Jackson,James Conner,Austin Ekeler,Michael Thomas,Sammy Watkins,Larry Fitzgerald,Mark Andrews,New England Patriots,T.J. Hockenson,141.28,186.78
Patrick Mahomes,Nick Chubb,Kenyan Drake,Davante Adams,Julio Jones,Stefon Diggs,Jimmy Graham,Houston Texans,Devin Singletary,141.27,149.02
Jameis Winston,Alvin Kamara,Austin Ekeler,JuJu Smith-Schuster,Julio Jones,Larry Fitzgerald,OJ Howard,Denver Broncos,Greg Olsen,141.27,127.92
Tom Brady,Nick Chubb,James White,Keenan Allen,Julio Jones,Calvin Ridley,Evan Engram,Cincinnati Bengals,Mohamed Sanu,141.25,146.66
Tom Brady,Saquon Barkley,Damien Williams,Julio Jones,Julian Edelman,Courtland Sutton,Mike Gesicki,Houston Texans,Josh Jacobs,141.24,128.56
Dak Prescott,Alvin Kamara,James Conner,Julio Jones,Robert Woods,DeSean Jackson,Darren Waller,Denver Broncos,Austin Hooper,141.22,106.66
Andy Dalton,James Conner,Nick Chubb,JuJu Smith-Schuster,Julio Jones,Tyler Boyd,Tyler Eifert,Denver Broncos,Josh Jacobs,141.22,145.94
Matthew Stafford,Christian McCaffrey,James Conner,Keenan Allen,Brandin Cooks,Tyrell Williams,T.J. Hockenson,Pittsburgh Steelers,Josh Jacobs,141.2,106.5
Matt Ryan,Christian McCaffrey,Austin Ekeler,Julio Jones,Sammy Watkins,John Ross,Dallas Goedert,Green Bay Packers,Adrian Peterson,141.2,145.6
Derek Carr,Alvin Kamara,Austin Ekeler,Julio Jones,Sammy Watkins,Ryan Grant,Mark Andrews,Chicago Bears,Devonta Freeman,141.18,127.92
Carson Wentz,Dalvin Cook,Nick Chubb,Julio Jones,Alshon Jeffery,Tyrell Williams,Greg Olsen,New England Patriots,Duke Johnson,141.18,176.74
Josh Allen,Christian McCaffrey,Austin Ekeler,Odell Beckham Jr,Sammy Watkins,Jamison Crowder,David Njoku,Denver Broncos,T.J. Hockenson,141.18,106.52
Baker Mayfield,Alvin Kamara,Nick Chubb,Julio Jones,Jarvis Landry,Robby Anderson,OJ Howard,New York Giants,Josh Jacobs,141.17,106.6
Matt Ryan,Alvin Kamara,James Conner,Julio Jones,Alshon Jeffery,Courtland Sutton,T.J. Hockenson,Houston Texans,James White,141.16,107.8
Matt Ryan,Christian McCaffrey,Chris Carson,Julio Jones,DeSean Jackson,Tyrell Williams,David Njoku,Cincinnati Bengals,Kenyan Drake,141.14,97.1
Matt Ryan,James Conner,Damien Williams,Julio Jones,Jamison Crowder,Devante Parker,Zach Ertz,New England Patriots,Devonta Freeman,141.13,149.4
Jared Goff,Nick Chubb,Austin Ekeler,Odell Beckham Jr,Brandin Cooks,Cooper Kupp,Darren Waller,New England Patriots,Larry Fitzgerald,141.11,200.22
Tom Brady,Nick Chubb,Matt Breida,Michael Thomas,Julio Jones,Brandin Cooks,Mark Andrews,Houston Texans,Ted Ginn,141.07,165.96
Patrick Mahomes,Saquon Barkley,Matt Breida,Odell Beckham Jr,Robert Woods,Tyrell Williams,Delanie Walker,Cincinnati Bengals,Darren Waller,141.07,149.42
Ben Roethlisberger,Christian McCaffrey,Matt Breida,Julio Jones,DeSean Jackson,Calvin Ridley,Mark Andrews,Jacksonville Jaguars,James White,141.06,133.7
Dak Prescott,Christian McCaffrey,Alvin Kamara,Julio Jones,Corey Davis,A.J. Brown,Jack Doyle,Jacksonville Jaguars,Josh Jacobs,141.04,107.86
Lamar Jackson,Dalvin Cook,Josh Jacobs,Julio Jones,John Brown,Mohamed Sanu,Zach Ertz,New England Patriots,Devin Singletary,141.03,191.18
Carson Wentz,Christian McCaffrey,Devonta Freeman,Julio Jones,Alshon Jeffery,Terry McLaurin,Vance McDonald,Green Bay Packers,Josh Jacobs,141.02,128.74
Cam Newton,Austin Ekeler,Damien Williams,DeAndre Hopkins,D.J. Moore,Calvin Ridley,OJ Howard,New England Patriots,Josh Jacobs,141.01,149.52
Marcus Mariota,Alvin Kamara,Nick Chubb,Sammy Watkins,Allen Robinson,A.J. Brown,Delanie Walker,New England Patriots,Austin Ekeler,141.0,133.86
Patrick Mahomes,Alvin Kamara,Matt Breida,Sammy Watkins,Cooper Kupp,Tyrell Williams,Evan Engram,Jacksonville Jaguars,Chris Thompson,140.97,135.82
Tom Brady,Austin Ekeler,Kenyan Drake,Michael Thomas,JuJu Smith-Schuster,Tyrell Williams,Travis Kelce,Denver Broncos,Darren Waller,140.97,146.66
Patrick Mahomes,Damien Williams,Chris Thompson,Davante Adams,Keenan Allen,Keesean Johnson,Travis Kelce,New England Patriots,Darren Waller,140.91,174.82
Josh Allen,Christian McCaffrey,Alvin Kamara,John Brown,Calvin Ridley,Cole Beasley,Mark Andrews,Carolina Panthers,Nick Chubb,140.87,144.52
Patrick Mahomes,Dalvin Cook,Devin Singletary,Odell Beckham Jr,Julio Jones,DeSean Jackson,Austin Hooper,Indianapolis Colts,Tyrell Williams,140.83,168.12
Ben Roethlisberger,Alvin Kamara,Damien Williams,Julio Jones,Alshon Jeffery,Calvin Ridley,Vernon Davis,New England Patriots,Tarik Cohen,140.8,124.1
Kyler Murray,Devonta Freeman,Duke Johnson,Keenan Allen,Julio Jones,Larry Fitzgerald,Travis Kelce,New England Patriots,Mark Andrews,140.8,190.56
Patrick Mahomes,Saquon Barkley,Chris Thompson,JuJu Smith-Schuster,Julio Jones,Nelson Agholor,Evan Engram,Cincinnati Bengals,Austin Hooper,140.76,159.12
Derek Carr,James Conner,Josh Jacobs,Michael Thomas,Allen Robinson,Calvin Ridley,Travis Kelce,New England Patriots,Darren Waller,140.74,165.62
Lamar Jackson,Saquon Barkley,Austin Ekeler,Julio Jones,John Brown,Marquise Brown,Mark Andrews,Buffalo Bills,Darren Waller,140.72,191.58
Patrick Mahomes,Christian McCaffrey,Alvin Kamara,D.J. Moore,Mecole Hardman,Emmanuel Sanders,Mark Andrews,Pittsburgh Steelers,Darren Waller,140.71,160.22
Dak Prescott,Nick Chubb,Josh Jacobs,Keenan Allen,Amari Cooper,Michael Gallup,Evan Engram,New England Patriots,Darren Waller,140.67,163.46
Russell Wilson,Christian McCaffrey,Devonta Freeman,JuJu Smith-Schuster,Julio Jones,Donte Moncrief,Delanie Walker,Cincinnati Bengals,Tarik Cohen,140.67,99.3
Deshaun Watson,Christian McCaffrey,Nick Chubb,DeAndre Hopkins,Courtland Sutton,Chris Conley,Evan Engram,Houston Texans,Darren Waller,140.66,101.36
Patrick Mahomes,Alvin Kamara,Damien Williams,Julio Jones,Allen Robinson,Courtland Sutton,Noah Fant,Cincinnati Bengals,Matt Breida,140.66,120.42
Tom Brady,Christian McCaffrey,Chris Carson,Julio Jones,Allen Robinson,Emmanuel Sanders,Darren Waller,New York Giants,Taylor Gabriel,140.65,127.96
Carson Wentz,Austin Ekeler,James White,DeAndre Hopkins,Julio Jones,Alshon Jeffery,Mark Andrews,Denver Broncos,Chris Thompson,140.64,134.64
Ben Roethlisberger,Christian McCaffrey,Saquon Barkley,Stefon Diggs,Mecole Hardman,Tyrell Williams,Darren Waller,New England Patriots,T.J. Hockenson,140.63,129.4
Baker Mayfield,David Johnson,Austin Ekeler,Julio Jones,Jarvis Landry,Larry Fitzgerald,David Njoku,New England Patriots,Damien Williams,140.56,152.5
Drew Brees,Alvin Kamara,Kenyan Drake,Michael Thomas,Julio Jones,Cooper Kupp,Delanie Walker,Cleveland Browns,Darren Waller,140.54,120.62
Matt Ryan,Saquon Barkley,Devonta Freeman,Julio Jones,Calvin Ridley,Courtland Sutton,Travis Kelce,New York Giants,Adrian Peterson,140.54,166.0
Patrick Mahomes,Christian McCaffrey,Duke Johnson,Julio Jones,Jarvis Landry,Robby Anderson,David Njoku,Denver Broncos,Terry McLaurin,140.53,113.12
Deshaun Watson,Christian McCaffrey,Chris Thompson,Julio Jones,Alshon Jeffery,Emmanuel Sanders,Zach Ertz,Pittsburgh Steelers,T.J. Hockenson,140.52,115.56
Matt Ryan,Le'Veon Bell,James White,Keenan Allen,Sammy Watkins,Tyrell Williams,Darren Waller,New England Patriots,Devonta Freeman,140.5,161.9
Patrick Mahomes,James Conner,James White,JuJu Smith-Schuster,Tyrell Williams,Danny Amendola,Travis Kelce,New England Patriots,Mark Andrews,140.49,181.92
Deshaun Watson,David Johnson,Matt Breida,Davante Adams,Julio Jones,Calvin Ridley,Evan Engram,Houston Texans,Austin Hooper,140.48,145.36
Patrick Mahomes,Christian McCaffrey,Chris Carson,Larry Fitzgerald,Corey Davis,A.J. Brown,Delanie Walker,New England Patriots,Leonard Fournette,140.47,141.92
Patrick Mahomes,Christian McCaffrey,James Conner,Calvin Ridley,Mecole Hardman,Tyrell Williams,Tyler Eifert,Carolina Panthers,Austin Ekeler,140.47,155.82
Tom Brady,James Conner,Josh Jacobs,Keenan Allen,Julio Jones,Kenny Golladay,Darren Waller,Cleveland Browns,Danny Amendola,140.46,150.46
Jared Goff,Nick Chubb,Damien Williams,Michael Thomas,Julio Jones,Cooper Kupp,Vance McDonald,New York Giants,Tyrell Williams,140.45,159.02
Baker Mayfield,Christian McCaffrey,Damien Williams,Odell Beckham Jr,Jamison Crowder,Tyrell Williams,Evan Engram,Houston Texans,Chris Thompson,140.43,120.5
Deshaun Watson,Le'Veon Bell,Josh Jacobs,Julio Jones,Cooper Kupp,Mecole Hardman,Travis Kelce,Pittsburgh Steelers,Darren Waller,140.41,157.96
Jared Goff,Le'Veon Bell,Devin Singletary,DeAndre Hopkins,Julio Jones,Calvin Ridley,Zach Ertz,Cincinnati Bengals,T.J. Hockenson,140.41,137.72
Tom Brady,Alvin Kamara,James Conner,Julio Jones,Josh Gordon,Phillip Dorsett,David Njoku,New England Patriots,Matt Breida,140.39,140.76
Ben Roethlisberger,Alvin Kamara,Nick Chubb,Sammy Watkins,Jamison Crowder,Tyrell Williams,Travis Kelce,Denver Broncos,Adrian Peterson,140.38,103.2
Patrick Mahomes,Chris Carson,James White,JuJu Smith-Schuster,Julio Jones,Tyler Lockett,T.J. Hockenson,Denver Broncos,Donte Moncrief,140.38,122.82
Tom Brady,Chris Carson,Austin Ekeler,Odell Beckham Jr,Julio Jones,Terry McLaurin,Zach Ertz,Cincinnati Bengals,Austin Hooper,140.38,161.16
Matt Ryan,Christian McCaffrey,Chris Carson,Sammy Watkins,John Brown,Mecole Hardman,Darren Waller,Denver Broncos,Josh Jacobs,140.37,107.5
Jared Goff,Christian McCaffrey,Nick Chubb,Keenan Allen,John Ross,Danny Amendola,T.J. Hockenson,Carolina Panthers,Austin Ekeler,140.37,121.22
Jameis Winston,Christian McCaffrey,Alvin Kamara,D.J. Moore,Calvin Ridley,Tyrell Williams,Greg Olsen,New England Patriots,Devin Singletary,140.36,157.22
Patrick Mahomes,Saquon Barkley,Nick Chubb,Jamison Crowder,Emmanuel Sanders,D.K. Metcalf,Travis Kelce,Houston Texans,Darren Waller,140.35,181.82
Patrick Mahomes,James Conner,Nick Chubb,JuJu Smith-Schuster,D.K. Metcalf,Donte Moncrief,Evan Engram,Jacksonville Jaguars,Austin Ekeler,140.35,140.52
Jared Goff,Christian McCaffrey,Austin Ekeler,Robert Woods,Brandin Cooks,Courtland Sutton,OJ Howard,Indianapolis Colts,Josh Jacobs,140.34,97.42
Derek Carr,David Johnson,Leonard Fournette,Julio Jones,Sammy Watkins,Tyrell Williams,Evan Engram,Carolina Panthers,Devin Singletary,140.34,118.42
Derek Carr,Alvin Kamara,Austin Ekeler,Davante Adams,Calvin Ridley,Tyrell Williams,Travis Kelce,Cincinnati Bengals,Delanie Walker,140.33,139.32
Kyler Murray,Christian McCaffrey,Kerryon Johnson,Julio Jones,Sammy Watkins,Marquise Brown,Mark Andrews,Cleveland Browns,T.J. Hockenson,140.31,144.46
Cam Newton,Alvin Kamara,Austin Ekeler,Amari Cooper,Julio Jones,Terry McLaurin,Vernon Davis,New York Giants,Matt Breida,140.29,133.92
Josh Allen,Christian McCaffrey,Nick Chubb,Julio Jones,Robert Woods,Cooper Kupp,Tyler Eifert,Indianapolis Colts,Ted Ginn,140.29,121.62
Carson Wentz,Christian McCaffrey,James Conner,Sammy Watkins,Calvin Ridley,Keesean Johnson,Austin Hooper,New England Patriots,Matt Breida,140.27,146.44
Matt Ryan,Chris Carson,Damien Williams,DeAndre Hopkins,Julio Jones,Calvin Ridley,Delanie Walker,Cleveland Browns,Phillip Lindsay,140.25,143.0
Patrick Mahomes,Devonta Freeman,Phillip Lindsay,Michael Thomas,Julio Jones,Alshon Jeffery,Mark Andrews,Pittsburgh Steelers,Calvin Ridley,140.22,167.82
Baker Mayfield,Christian McCaffrey,Nick Chubb,Jarvis Landry,Calvin Ridley,Jamison Crowder,Delanie Walker,Cleveland Browns,Austin Ekeler,140.22,133.0
Patrick Mahomes,Austin Ekeler,Duke Johnson,JuJu Smith-Schuster,Mecole Hardman,Larry Fitzgerald,Travis Kelce,Indianapolis Colts,Josh Jacobs,140.17,152.52
Patrick Mahomes,Duke Johnson,Josh Jacobs,Davante Adams,Keenan Allen,Julio Jones,Kyle Rudolph,Jacksonville Jaguars,Marquez Valdes-Scantling,140.17,134.42
Josh Allen,Christian McCaffrey,Kenyan Drake,DeAndre Hopkins,Julio Jones,Alshon Jeffery,Delanie Walker,New York Jets,Austin Hooper,140.16,99.22
Ben Roethlisberger,Leonard Fournette,Austin Ekeler,Keenan Allen,Julio Jones,Ryan Grant,Travis Kelce,Green Bay Packers,Darren Waller,140.15,140.2
Josh Allen,Saquon Barkley,Alvin Kamara,Larry Fitzgerald,Tyrell Williams,Cole Beasley,Evan Engram,Cleveland Browns,Austin Ekeler,140.14,149.12
Deshaun Watson,Christian McCaffrey,Damien Williams,Julio Jones,Stefon Diggs,Marquez Valdes-Scantling,Kyle Rudolph,New England Patriots,Austin Hooper,140.14,123.46
Tom Brady,Nick Chubb,Josh Jacobs,Julio Jones,Alshon Jeffery,Cooper Kupp,Zach Ertz,Dallas Cowboys,Adrian Peterson,140.13,134.96
Matt Ryan,Le'Veon Bell,James Conner,Michael Thomas,Julio Jones,Tyrell Williams,Austin Hooper,Cleveland Browns,Adrian Peterson,140.12,157.2
Patrick Mahomes,Christian McCaffrey,Chris Carson,Julian Edelman,Josh Gordon,Preston Williams,T.J. Hockenson,Cincinnati Bengals,Josh Jacobs,140.11,86.62
Carson Wentz,Saquon Barkley,James White,Julio Jones,Cooper Kupp,Jamison Crowder,Austin Hooper,New England Patriots,Tarik Cohen,140.11,165.04
Ben Roethlisberger,Christian McCaffrey,Nick Chubb,Keenan Allen,Tyler Lockett,Donte Moncrief,Delanie Walker,New York Giants,Josh Jacobs,140.11,85.6
Patrick Mahomes,James Conner,Devin Singletary,Julio Jones,Julian Edelman,Josh Gordon,Darren Waller,Chicago Bears,Devante Parker,140.1,121.82
Cam Newton,Alvin Kamara,Chris Carson,Mike Evans,Curtis Samuel,Tyrell Williams,T.J. Hockenson,New England Patriots,Nick Chubb,140.1,131.52
Ben Roethlisberger,Dalvin Cook,James Conner,Odell Beckham Jr,Julio Jones,D.K. Metcalf,Vance McDonald,New England Patriots,T.J. Hockenson,140.08,185.9
Cam Newton,Alvin Kamara,Miles Sanders,DeAndre Hopkins,Julio Jones,Mike Evans,Darren Waller,Pittsburgh Steelers,Greg Olsen,140.08,118.02
Andy Dalton,Christian McCaffrey,Austin Ekeler,Michael Thomas,DeSean Jackson,Calvin Ridley,Austin Hooper,Pittsburgh Steelers,Josh Jacobs,140.07,124.94
Kirk Cousins,Austin Ekeler,Kerryon Johnson,Davante Adams,Julio Jones,Stefon Diggs,Evan Engram,Carolina Panthers,Darren Waller,140.05,144.2
Matthew Stafford,Alvin Kamara,Austin Ekeler,DeAndre Hopkins,Keenan Allen,Keesean Johnson,T.J. Hockenson,New England Patriots,Devonta Freeman,140.04,129.4
Jameis Winston,Nick Chubb,Kenyan Drake,DeAndre Hopkins,Julio Jones,Curtis Samuel,Evan Engram,New England Patriots,OJ Howard,140.03,144.52
Deshaun Watson,Christian McCaffrey,Alvin Kamara,Julio Jones,John Ross,Deebo Samuel,Tyler Eifert,Houston Texans,Tarik Cohen,140.02,126.66
Patrick Mahomes,Austin Ekeler,Josh Jacobs,Odell Beckham Jr,Davante Adams,Jarvis Landry,David Njoku,Houston Texans,Chris Thompson,140.02,147.82
Josh Allen,Austin Ekeler,Damien Williams,Julio Jones,Tyler Boyd,John Ross,George Kittle,Cincinnati Bengals,Devonta Freeman,140.02,150.92
Carson Wentz,Christian McCaffrey,Dalvin Cook,Julio Jones,Calvin Ridley,Devante Parker,Vernon Davis,Carolina Panthers,Kenyan Drake,140.02,137.74
Patrick Mahomes,David Johnson,James Conner,Keenan Allen,Tyrell Williams,Courtland Sutton,Darren Waller,Denver Broncos,Leonard Fournette,140.01,124.92
Jared Goff,Christian McCaffrey,James White,Julio Jones,Mohamed Sanu,Tyrell Williams,Zach Ertz,New York Jets,Tarik Cohen,140.01,117.82
Derek Carr,James Conner,Austin Ekeler,Sammy Watkins,Robert Woods,Tyrell Williams,Zach Ertz,Denver Broncos,Josh Jacobs,140.0,110.32
Patrick Mahomes,Christian McCaffrey,Derrick Henry,Keenan Allen,Danny Amendola,Dontrelle Inman,Evan Engram,Denver Broncos,Josh Jacobs,139.98,103.62
Tom Brady,Christian McCaffrey,Miles Sanders,Julio Jones,DeSean Jackson,Larry Fitzgerald,Zach Ertz,Houston Texans,Vernon Davis,139.95,120.76
Patrick Mahomes,Leonard Fournette,Josh Jacobs,Julio Jones,Brandin Cooks,Cooper Kupp,Jared Cook,Cincinnati Bengals,Tarik Cohen,139.95,133.02
Cam Newton,Saquon Barkley,Austin Ekeler,Julio Jones,Allen Robinson,Mohamed Sanu,Austin Hooper,Pittsburgh Steelers,Devonta Freeman,139.94,133.22
Drew Brees,Christian McCaffrey,Damien Williams,Julio Jones,Brandin Cooks,Ted Ginn,Vernon Davis,Tennessee Titans,Josh Jacobs,139.93,87.42
Deshaun Watson,Saquon Barkley,Austin Ekeler,JuJu Smith-Schuster,Tyler Lockett,James Washington,Darren Waller,Houston Texans,Josh Jacobs,139.91,130.46
Ben Roethlisberger,Christian McCaffrey,Austin Ekeler,Sammy Watkins,D.K. Metcalf,Donte Moncrief,OJ Howard,New England Patriots,Devonta Freeman,139.89,107.0
Deshaun Watson,Nick Chubb,Josh Jacobs,Julio Jones,Allen Robinson,Emmanuel Sanders,George Kittle,Carolina Panthers,Courtland Sutton,139.88,132.46
Ben Roethlisberger,James Conner,Austin Ekeler,Julio Jones,Chris Godwin,Curtis Samuel,OJ Howard,Buffalo Bills,Josh Jacobs,139.87,130.7
Ben Roethlisberger,Saquon Barkley,Matt Breida,JuJu Smith-Schuster,Julio Jones,Jamison Crowder,Vance McDonald,Denver Broncos,Delanie Walker,139.87,129.4
Patrick Mahomes,Ezekiel Elliott,Damien Williams,Julio Jones,Mecole Hardman,Tyrell Williams,Mark Andrews,Chicago Bears,Delanie Walker,139.86,170.62
Patrick Mahomes,Alvin Kamara,Kenyan Drake,Odell Beckham Jr,Keenan Allen,Ryan Grant,Evan Engram,Houston Texans,Darren Waller,139.86,135.22
Ben Roethlisberger,Christian McCaffrey,Nick Chubb,JuJu Smith-Schuster,Sammy Watkins,Christian Kirk,Vance McDonald,Pittsburgh Steelers,T.J. Hockenson,139.84,106.3
Trevor Siemian,Leonard Fournette,James White,Odell Beckham Jr,Julio Jones,Jamison Crowder,Travis Kelce,Houston Texans,Josh Jacobs,139.76,141.02
Deshaun Watson,Alvin Kamara,Matt Breida,DeAndre Hopkins,Julio Jones,Chris Conley,Mark Andrews,Cleveland Browns,Adrian Peterson,139.76,140.36
Patrick Mahomes,David Johnson,Josh Jacobs,Julio Jones,Tyler Boyd,Deebo Samuel,George Kittle,Pittsburgh Steelers,Chris Thompson,139.73,155.52
Carson Wentz,David Johnson,James Conner,Julio Jones,Stefon Diggs,DeSean Jackson,T.J. Hockenson,Jacksonville Jaguars,Josh Jacobs,139.72,102.54
Ben Roethlisberger,Christian McCaffrey,Alvin Kamara,Sammy Watkins,Emmanuel Sanders,Courtland Sutton,Noah Fant,Houston Texans,Josh Jacobs,139.7,92.2
Matt Ryan,Dalvin Cook,Leonard Fournette,Julio Jones,Sammy Watkins,Calvin Ridley,Mark Andrews,Indianapolis Colts,Tarik Cohen,139.69,175.6
Matt Ryan,Kerryon Johnson,Josh Jacobs,Michael Thomas,Julio Jones,Alshon Jeffery,Evan Engram,Jacksonville Jaguars,Devin Singletary,139.69,131.8
Matthew Stafford,Saquon Barkley,Nick Chubb,Keenan Allen,Julio Jones,Marvin Jones,Darren Waller,Jacksonville Jaguars,Chris Thompson,139.69,150.5
Carson Wentz,Chris Carson,Nick Chubb,Julio Jones,D.J. Moore,John Brown,Zach Ertz,New York Giants,Mark Andrews,139.66,160.14
Patrick Mahomes,Christian McCaffrey,Devin Singletary,Michael Thomas,Sammy Watkins,Mecole Hardman,T.J. Hockenson,New York Giants,Adrian Peterson,139.65,115.42
Kyler Murray,Christian McCaffrey,Josh Jacobs,Michael Thomas,Davante Adams,Larry Fitzgerald,Mark Andrews,Indianapolis Colts,Chris Thompson,139.65,137.76
Patrick Mahomes,Alvin Kamara,Devin Singletary,Julio Jones,Mecole Hardman,John Ross,Travis Kelce,Arizona Cardinals,Chris Thompson,139.65,164.02
Patrick Mahomes,Devonta Freeman,Chris Thompson,Julio Jones,Mike Evans,Chris Godwin,OJ Howard,New England Patriots,Emmanuel Sanders,139.64,190.72
Tom Brady,Alvin Kamara,Chris Carson,Julio Jones,Tyrell Williams,Devante Parker,Travis Kelce,Cleveland Browns,Mike Gesicki,139.62,130.36
Tom Brady,Dalvin Cook,Devonta Freeman,Odell Beckham Jr,Julio Jones,Jarvis Landry,Darren Waller,Pittsburgh Steelers,Jamison Crowder,139.62,160.36
Dak Prescott,Christian McCaffrey,Matt Breida,JuJu Smith-Schuster,Amari Cooper,Terry McLaurin,T.J. Hockenson,Denver Broncos,Josh Jacobs,139.6,110.76
Jared Goff,Alvin Kamara,Austin Ekeler,JuJu Smith-Schuster,Calvin Ridley,Devante Parker,Zach Ertz,New England Patriots,Austin Hooper,139.6,153.92
Patrick Mahomes,Chris Carson,Leonard Fournette,Julio Jones,Alshon Jeffery,John Brown,Austin Hooper,Houston Texans,Duke Johnson,139.56,124.32
Deshaun Watson,Leonard Fournette,Austin Ekeler,Julio Jones,DeSean Jackson,Mohamed Sanu,OJ Howard,New England Patriots,Matt Breida,139.56,140.26
Cam Newton,Leonard Fournette,Nick Chubb,Julio Jones,Calvin Ridley,Terry McLaurin,Zach Ertz,Houston Texans,Derrick Henry,139.56,167.72
Drew Brees,Nick Chubb,Devonta Freeman,Julio Jones,Robert Woods,Brandin Cooks,Evan Engram,Chicago Bears,Darren Waller,139.49,111.22
Jared Goff,Austin Ekeler,Kenyan Drake,Julio Jones,Sammy Watkins,Julian Edelman,Mike Gesicki,New England Patriots,Josh Gordon,139.48,147.92
Josh Allen,Saquon Barkley,Austin Ekeler,Sammy Watkins,Calvin Ridley,Ryan Grant,George Kittle,New England Patriots,Darren Waller,139.48,168.92
Derek Carr,Christian McCaffrey,Austin Ekeler,JuJu Smith-Schuster,John Brown,Cole Beasley,Evan Engram,Denver Broncos,Devonta Freeman,139.47,104.42
Jared Goff,Dalvin Cook,Austin Ekeler,Julio Jones,Brandin Cooks,Tyrell Williams,Jared Cook,Carolina Panthers,Devonta Freeman,139.47,158.22
Jared Goff,Alvin Kamara,Nick Chubb,Michael Thomas,Robert Woods,Calvin Ridley,Darren Waller,Pittsburgh Steelers,Devin Singletary,139.47,130.52
Tom Brady,Christian McCaffrey,Phillip Lindsay,Julio Jones,Sammy Watkins,Tyrell Williams,OJ Howard,Tennessee Titans,Ryan Grant,139.46,108.46
Tom Brady,Christian McCaffrey,James White,Julio Jones,Kenny Golladay,Marvin Jones,T.J. Hockenson,Carolina Panthers,Devin Singletary,139.46,131.86
Tom Brady,Alvin Kamara,Josh Jacobs,Davante Adams,Julian Edelman,Josh Gordon,Darren Waller,Carolina Panthers,Chris Thompson,139.46,103.66
Carson Wentz,Leonard Fournette,Devonta Freeman,Keenan Allen,Julio Jones,Sammy Watkins,Austin Hooper,Cleveland Browns,Chris Thompson,139.45,131.44
Lamar Jackson,Damien Williams,Devin Singletary,JuJu Smith-Schuster,Julio Jones,DeSean Jackson,Evan Engram,Pittsburgh Steelers,Calvin Ridley,139.44,143.48
Patrick Mahomes,Le'Veon Bell,Tarik Cohen,Julio Jones,Alshon Jeffery,Courtland Sutton,Zach Ertz,Denver Broncos,Delanie Walker,139.4,126.72
Carson Wentz,Alvin Kamara,James White,Julio Jones,Allen Robinson,DeSean Jackson,Delanie Walker,Green Bay Packers,Tyrell Williams,139.4,112.64
Patrick Mahomes,Christian McCaffrey,James Conner,Brandin Cooks,Cooper Kupp,Ted Ginn,Mark Andrews,Denver Broncos,Adrian Peterson,139.39,134.02
Matt Ryan,Alvin Kamara,Dalvin Cook,Julio Jones,Larry Fitzgerald,Cole Beasley,Zach Ertz,Cincinnati Bengals,Chris Thompson,139.37,149.8
Trevor Siemian,Christian McCaffrey,Adrian Peterson,Odell Beckham Jr,Davante Adams,Julio Jones,David Njoku,Cleveland Browns,Delanie Walker,139.37,121.82
Jared Goff,Christian McCaffrey,Derrick Henry,Julio Jones,Robert Woods,Jamison Crowder,Jared Cook,New York Giants,T.J. Hockenson,139.37,97.82
Patrick Mahomes,Nick Chubb,Austin Ekeler,DeAndre Hopkins,Dede Westbrook,Will Fuller,Delanie Walker,Houston Texans,Devonta Freeman,139.36,125.32
Matt Ryan,Saquon Barkley,Austin Ekeler,T.Y. Hilton,John Brown,Corey Davis,Delanie Walker,New England Patriots,Josh Jacobs,139.36,165.0
Jared Goff,Saquon Barkley,Austin Ekeler,Michael Thomas,Tyrell Williams,Ted Ginn,Mark Andrews,Chicago Bears,Josh Jacobs,139.34,147.52
Matt Ryan,Dalvin Cook,Nick Chubb,Julio Jones,Julian Edelman,Jamison Crowder,Austin Hooper,Houston Texans,Kerryon Johnson,139.34,158.0
Dak Prescott,Le'Veon Bell,Matt Breida,Julio Jones,Sammy Watkins,Michael Gallup,Vernon Davis,New England Patriots,Chris Thompson,139.32,175.06
Jared Goff,Christian McCaffrey,Alvin Kamara,Allen Robinson,Cooper Kupp,Ted Ginn,Austin Hooper,Cincinnati Bengals,Josh Jacobs,139.32,78.42
Dak Prescott,Alvin Kamara,Miles Sanders,Julio Jones,Trey Quinn,Terry McLaurin,Travis Kelce,New England Patriots,Evan Engram,139.32,172.26
Trevor Siemian,Saquon Barkley,Austin Ekeler,Julio Jones,Robby Anderson,Jamison Crowder,Evan Engram,Indianapolis Colts,Damien Williams,139.31,125.02
Philip Rivers,Saquon Barkley,Josh Jacobs,Keenan Allen,Julio Jones,Travis Benjamin,Evan Engram,Pittsburgh Steelers,Kenyan Drake,139.3,123.32
Patrick Mahomes,Dalvin Cook,Chris Carson,DeAndre Hopkins,Allen Robinson,Tyrell Williams,Darren Waller,Carolina Panthers,Chris Thompson,139.28,138.52
Derek Carr,Austin Ekeler,Damien Williams,Michael Thomas,Odell Beckham Jr,Sammy Watkins,Delanie Walker,Carolina Panthers,Darren Waller,139.28,131.72
Baker Mayfield,Alvin Kamara,Devonta Freeman,Odell Beckham Jr,Keenan Allen,Tyrell Williams,David Njoku,Denver Broncos,Josh Jacobs,139.27,110.8
Kyler Murray,Christian McCaffrey,Chris Carson,JuJu Smith-Schuster,Calvin Ridley,Christian Kirk,Mark Andrews,New England Patriots,Kenyan Drake,139.26,173.66
Patrick Mahomes,Saquon Barkley,Alvin Kamara,Calvin Ridley,Christian Kirk,Keesean Johnson,Mark Andrews,Indianapolis Colts,Damien Williams,139.25,163.92
Carson Wentz,Saquon Barkley,Phillip Lindsay,Julio Jones,Alshon Jeffery,John Ross,Evan Engram,Houston Texans,Darren Waller,139.25,143.54
Carson Wentz,James Conner,Devin Singletary,JuJu Smith-Schuster,Julio Jones,Emmanuel Sanders,Zach Ertz,Carolina Panthers,Delanie Walker,139.24,148.64
Kirk Cousins,Nick Chubb,Devonta Freeman,Davante Adams,Julio Jones,Adam Thielen,Mark Andrews,New York Jets,Josh Jacobs,139.22,147.9
Lamar Jackson,Christian McCaffrey,Leonard Fournette,Keenan Allen,Calvin Ridley,Larry Fitzgerald,Mark Andrews,Cleveland Browns,Darren Waller,139.21,171.08
Drew Brees,Austin Ekeler,James White,Michael Thomas,Julio Jones,Robert Woods,David Njoku,New York Jets,Josh Jacobs,139.21,107.32
Jameis Winston,Leonard Fournette,Nick Chubb,Julio Jones,Mike Evans,D.J. Moore,Delanie Walker,Green Bay Packers,Josh Jacobs,139.2,134.12
Matt Ryan,Christian McCaffrey,Austin Ekeler,Michael Thomas,Brandin Cooks,Ted Ginn,Delanie Walker,Cincinnati Bengals,Chris Thompson,139.18,108.2
Matt Ryan,Le'Veon Bell,Chris Thompson,Keenan Allen,JuJu Smith-Schuster,Julio Jones,T.J. Hockenson,New York Giants,Mohamed Sanu,139.18,128.2
Cam Newton,Le'Veon Bell,Derrick Henry,Julio Jones,Marquise Brown,Christian Kirk,Mark Andrews,New England Patriots,Damien Williams,139.17,196.02
Josh Allen,Christian McCaffrey,James Conner,Julio Jones,John Brown,Cody Latimer,OJ Howard,Denver Broncos,James White,139.17,106.72
Dak Prescott,Christian McCaffrey,Devonta Freeman,DeAndre Hopkins,Michael Gallup,Tyrell Williams,Vernon Davis,Houston Texans,Josh Jacobs,139.17,108.56
Josh Allen,Saquon Barkley,Nick Chubb,Julian Edelman,Josh Gordon,Devante Parker,Mark Andrews,New England Patriots,Josh Jacobs,139.16,155.72
Lamar Jackson,David Johnson,Duke Johnson,Odell Beckham Jr,Julio Jones,Christian Kirk,Evan Engram,Indianapolis Colts,Mark Andrews,139.15,171.48
Matt Ryan,Nick Chubb,Matt Breida,DeAndre Hopkins,Julio Jones,DeSean Jackson,Greg Olsen,Denver Broncos,Devonta Freeman,139.14,132.1
Patrick Mahomes,Devonta Freeman,Kenyan Drake,Sammy Watkins,John Brown,Calvin Ridley,Travis Kelce,New England Patriots,Jamison Crowder,139.11,179.12
Deshaun Watson,Ezekiel Elliott,Josh Jacobs,Julio Jones,Tyler Boyd,Tyrell Williams,Zach Ertz,Jacksonville Jaguars,Austin Hooper,139.11,149.76
Cam Newton,Christian McCaffrey,James Conner,Chris Godwin,D.J. Moore,Jamison Crowder,Delanie Walker,New England Patriots,T.J. Hockenson,139.09,137.72
Ben Roethlisberger,Derrick Henry,Duke Johnson,DeAndre Hopkins,Julio Jones,Tyler Lockett,Vance McDonald,Houston Texans,Josh Jacobs,139.09,123.7
Tom Brady,Saquon Barkley,Austin Ekeler,JuJu Smith-Schuster,Julio Jones,Donte Moncrief,Will Dissly,New York Giants,Devin Singletary,139.09,154.16
Matt Ryan,Christian McCaffrey,Austin Ekeler,Jamison Crowder,Emmanuel Sanders,Mohamed Sanu,Zach Ertz,Carolina Panthers,Josh Jacobs,139.08,132.2
Russell Wilson,Nick Chubb,Devin Singletary,Michael Thomas,JuJu Smith-Schuster,Julio Jones,T.J. Hockenson,Cleveland Browns,D.K. Metcalf,139.08,152.4
Patrick Mahomes,Saquon Barkley,Josh Jacobs,Davante Adams,Curtis Samuel,Larry Fitzgerald,OJ Howard,New England Patriots,Greg Olsen,139.08,181.32
Matthew Stafford,Saquon Barkley,Alvin Kamara,Julio Jones,Tyrell Williams,Dontrelle Inman,T.J. Hockenson,Indianapolis Colts,David Johnson,139.06,114.7
Russell Wilson,Alvin Kamara,James Conner,Julio Jones,Tyler Lockett,D.K. Metcalf,Vernon Davis,Carolina Panthers,Josh Jacobs,139.04,134.1
Marcus Mariota,Christian McCaffrey,Josh Jacobs,Davante Adams,T.Y. Hilton,A.J. Brown,Evan Engram,New England Patriots,Adrian Peterson,139.04,129.96
Derek Carr,Saquon Barkley,Austin Ekeler,DeAndre Hopkins,Brandin Cooks,Tyrell Williams,Darren Waller,Pittsburgh Steelers,James White,139.04,133.92
Mitch Trubisky,Saquon Barkley,Alvin Kamara,Julio Jones,Emmanuel Sanders,Courtland Sutton,Darren Waller,New York Jets,Duke Johnson,139.02,125.9
Tom Brady,Christian McCaffrey,Duke Johnson,Julio Jones,Julian Edelman,Phillip Dorsett,Mark Andrews,Chicago Bears,Kenyan Drake,139.02,124.76
Carson Wentz,Alvin Kamara,Josh Jacobs,Sammy Watkins,D.J. Moore,Cole Beasley,Travis Kelce,Cleveland Browns,Darren Waller,139.01,129.54
Jared Goff,Alvin Kamara,Leonard Fournette,Julio Jones,Sammy Watkins,Mecole Hardman,Darren Waller,Jacksonville Jaguars,Phillip Lindsay,139.01,128.32
Cam Newton,Nick Chubb,Damien Williams,Julio Jones,Sammy Watkins,Robert Woods,OJ Howard,Carolina Panthers,Greg Olsen,139.01,117.42
Patrick Mahomes,Christian McCaffrey,Saquon Barkley,Devante Parker,Hunter Renfrow,Danny Amendola,Darren Waller,Indianapolis Colts,Austin Ekeler,139.01,117.02
Tom Brady,Christian McCaffrey,Le'Veon Bell,Sammy Watkins,Christian Kirk,Keesean Johnson,Evan Engram,Denver Broncos,Mark Andrews,139.0,131.26
Patrick Mahomes,Austin Ekeler,Derrick Henry,Julio Jones,Sammy Watkins,Mecole Hardman,OJ Howard,New York Jets,Miles Sanders,138.99,146.62
Jared Goff,Saquon Barkley,Derrick Henry,JuJu Smith-Schuster,Julio Jones,Tyrell Williams,Darren Waller,Los Angeles Chargers,Ryan Grant,138.99,143.72
Carson Wentz,Christian McCaffrey,Devin Singletary,Julio Jones,DeSean Jackson,Josh Gordon,OJ Howard,New York Giants,Chris Thompson,138.98,85.14
Patrick Mahomes,Christian McCaffrey,David Johnson,Marvin Jones,Larry Fitzgerald,Danny Amendola,T.J. Hockenson,Houston Texans,James Conner,138.96,104.22
Patrick Mahomes,Christian McCaffrey,Chris Thompson,Amari Cooper,Michael Gallup,Jamison Crowder,Mark Andrews,New England Patriots,Terry McLaurin,138.96,170.62
Derek Carr,Chris Carson,Adrian Peterson,Keenan Allen,Julio Jones,Sammy Watkins,Travis Kelce,Arizona Cardinals,Delanie Walker,138.94,129.52
Patrick Mahomes,Austin Ekeler,Matt Breida,Keenan Allen,Emmanuel Sanders,Tyrell Williams,Travis Kelce,Arizona Cardinals,Devonta Freeman,138.94,177.42
Eli Manning,Christian McCaffrey,Tarik Cohen,DeAndre Hopkins,Julio Jones,John Brown,Evan Engram,Jacksonville Jaguars,T.J. Hockenson,138.92,98.3
Tom Brady,David Johnson,Damien Williams,JuJu Smith-Schuster,Julio Jones,Alshon Jeffery,Darren Waller,Green Bay Packers,Austin Hooper,138.92,117.36
Derek Carr,Chris Carson,Austin Ekeler,Julio Jones,DeSean Jackson,Calvin Ridley,George Kittle,Houston Texans,Tarik Cohen,138.92,127.72
Patrick Mahomes,Alvin Kamara,Matt Breida,Adam Thielen,Stefon Diggs,Marquez Valdes-Scantling,Delanie Walker,Houston Texans,Josh Jacobs,138.92,115.92
Patrick Mahomes,James Conner,Duke Johnson,Odell Beckham Jr,Julio Jones,Calvin Ridley,Dallas Goedert,Cleveland Browns,Larry Fitzgerald,138.9,172.82
Cam Newton,Alvin Kamara,Le'Veon Bell,Julio Jones,Calvin Ridley,Larry Fitzgerald,Delanie Walker,Minnesota Vikings,Mohamed Sanu,138.88,140.22
Baker Mayfield,Christian McCaffrey,Austin Ekeler,Julio Jones,Alshon Jeffery,Mohamed Sanu,Vernon Davis,Indianapolis Colts,Phillip Lindsay,138.87,108.3
Lamar Jackson,Christian McCaffrey,Saquon Barkley,Christian Kirk,Tyrell Williams,Terry McLaurin,Mark Andrews,Houston Texans,Matt Breida,138.87,175.28
Matt Ryan,David Johnson,Chris Carson,Julio Jones,Alshon Jeffery,Terry McLaurin,Mark Andrews,New England Patriots,Matt Breida,138.86,174.4
Deshaun Watson,Christian McCaffrey,Miles Sanders,Keenan Allen,Julio Jones,Calvin Ridley,Dallas Goedert,Denver Broncos,Christian Kirk,138.85,124.16
Carson Wentz,Christian McCaffrey,Nick Chubb,Keenan Allen,Robby Anderson,Jamison Crowder,David Njoku,New England Patriots,Adrian Peterson,138.84,132.74
Jameis Winston,Leonard Fournette,Damien Williams,Odell Beckham Jr,Julio Jones,Chris Godwin,Darren Waller,New England Patriots,Greg Olsen,138.83,194.62
Ben Roethlisberger,Alvin Kamara,Nick Chubb,Davante Adams,Julio Jones,D.K. Metcalf,Will Dissly,Cincinnati Bengals,Duke Johnson,138.83,119.2
Jared Goff,Chris Carson,Nick Chubb,Keenan Allen,Julio Jones,Ted Ginn,Jared Cook,Los Angeles Chargers,Josh Jacobs,138.82,121.42
Matt Ryan,Saquon Barkley,Kenyan Drake,Odell Beckham Jr,Julio Jones,Keesean Johnson,Zach Ertz,Denver Broncos,T.J. Hockenson,138.81,148.1
Carson Wentz,Derrick Henry,Miles Sanders,Michael Thomas,Davante Adams,Julio Jones,T.J. Hockenson,Indianapolis Colts,Calvin Ridley,138.8,147.94
Russell Wilson,Saquon Barkley,Le'Veon Bell,Julio Jones,D.K. Metcalf,Donte Moncrief,Darren Waller,New England Patriots,Kenyan Drake,138.79,180.4
Patrick Mahomes,Christian McCaffrey,Devonta Freeman,Cooper Kupp,Calvin Ridley,Mohamed Sanu,Zach Ertz,Cleveland Browns,T.J. Hockenson,138.79,137.92
Philip Rivers,Alvin Kamara,Matt Breida,JuJu Smith-Schuster,Julio Jones,Danny Amendola,Evan Engram,Buffalo Bills,T.J. Hockenson,138.77,98.62
Cam Newton,Christian McCaffrey,James Conner,T.Y. Hilton,Corey Davis,A.J. Brown,Darren Waller,Houston Texans,Austin Ekeler,138.77,109.32
Matt Ryan,Alvin Kamara,Josh Jacobs,Tyler Boyd,John Ross,Courtland Sutton,George Kittle,New England Patriots,Evan Engram,138.77,155.6
Tom Brady,David Johnson,Matt Breida,Julio Jones,Sammy Watkins,Mohamed Sanu,Zach Ertz,New York Giants,Delanie Walker,138.76,124.46
Carson Wentz,Damien Williams,Duke Johnson,Michael Thomas,Julio Jones,D.K. Metcalf,Zach Ertz,Houston Texans,Chris Thompson,138.75,133.14
Patrick Mahomes,Ezekiel Elliott,Damien Williams,Sammy Watkins,Cooper Kupp,Jamison Crowder,Darren Waller,Cincinnati Bengals,Devin Singletary,138.74,128.72
Matt Ryan,Alvin Kamara,Le'Veon Bell,Davante Adams,Larry Fitzgerald,Keesean Johnson,Mark Andrews,Houston Texans,Austin Ekeler,138.73,161.6
Patrick Mahomes,Saquon Barkley,Chris Carson,Larry Fitzgerald,Christian Kirk,Tyrell Williams,Travis Kelce,Green Bay Packers,T.J. Hockenson,138.73,166.62
Patrick Mahomes,Ezekiel Elliott,Derrick Henry,Odell Beckham Jr,Julio Jones,Hunter Renfrow,Darren Waller,Jacksonville Jaguars,T.J. Hockenson,138.73,166.72
Josh Allen,Saquon Barkley,Alvin Kamara,Julio Jones,Jarvis Landry,Jamison Crowder,David Njoku,Houston Texans,Keesean Johnson,138.73,115.62
Russell Wilson,Chris Carson,Austin Ekeler,JuJu Smith-Schuster,Julio Jones,Brandin Cooks,Vance McDonald,Pittsburgh Steelers,Chris Thompson,138.72,163.7
Patrick Mahomes,Christian McCaffrey,Damien Williams,Julio Jones,Tyler Boyd,Jamison Crowder,Tyler Eifert,Green Bay Packers,CJ Uzomah,138.71,137.22
Ben Roethlisberger,Kerryon Johnson,Josh Jacobs,Odell Beckham Jr,Julio Jones,Calvin Ridley,George Kittle,Baltimore Ravens,Austin Hooper,138.69,138.7
Jacoby Brissett,Christian McCaffrey,Le'Veon Bell,Michael Thomas,Julio Jones,A.J. Brown,Delanie Walker,Arizona Cardinals,T.J. Hockenson,138.66,114.14
Andy Dalton,James Conner,Austin Ekeler,Julio Jones,Courtland Sutton,Deebo Samuel,George Kittle,New England Patriots,Derrick Henry,138.65,182.14
Josh Allen,Christian McCaffrey,Damien Williams,Michael Thomas,John Brown,Larry Fitzgerald,Evan Engram,Pittsburgh Steelers,Delanie Walker,138.64,115.32
Trevor Siemian,Christian McCaffrey,Alvin Kamara,JuJu Smith-Schuster,Robby Anderson,Jamison Crowder,Darren Waller,Houston Texans,Duke Johnson,138.63,73.32
Patrick Mahomes,Christian McCaffrey,Alvin Kamara,Julio Jones,Danny Amendola,Trey Quinn,Jason Witten,Cleveland Browns,Vernon Davis,138.63,119.52
Matt Ryan,Dalvin Cook,James Conner,Julio Jones,John Ross,Mohamed Sanu,Travis Kelce,Denver Broncos,Delanie Walker,138.63,165.7
Jameis Winston,Christian McCaffrey,James White,Julio Jones,Mike Evans,Curtis Samuel,Darren Waller,Arizona Cardinals,Duke Johnson,138.62,104.82
Kirk Cousins,Christian McCaffrey,Josh Jacobs,Julio Jones,Sammy Watkins,Marquez Valdes-Scantling,Jimmy Graham,Buffalo Bills,Kenyan Drake,138.61,91.3
Cam Newton,Le'Veon Bell,Chris Carson,Julio Jones,Chris Godwin,Tyrell Williams,Evan Engram,Houston Texans,Greg Olsen,138.6,164.02
Matt Ryan,Christian McCaffrey,Miles Sanders,Davante Adams,John Brown,Tyrell Williams,Zach Ertz,New England Patriots,Austin Hooper,138.59,151.1
Patrick Mahomes,Alvin Kamara,Devonta Freeman,Davante Adams,A.J. Brown,Ryan Grant,Travis Kelce,Pittsburgh Steelers,Josh Jacobs,138.58,122.52
Tom Brady,Austin Ekeler,Duke Johnson,Sammy Watkins,Mike Evans,Chris Godwin,Greg Olsen,New England Patriots,Josh Jacobs,138.58,169.06
Patrick Mahomes,Alvin Kamara,Leonard Fournette,John Brown,Curtis Samuel,Larry Fitzgerald,Travis Kelce,Cincinnati Bengals,Darren Waller,138.57,139.22
Carson Wentz,Alvin Kamara,Nick Chubb,JuJu Smith-Schuster,Julio Jones,Courtland Sutton,Dallas Goedert,Indianapolis Colts,Tarik Cohen,138.57,107.84
Patrick Mahomes,Christian McCaffrey,Austin Ekeler,Davante Adams,Marquez Valdes-Scantling,Keesean Johnson,Jimmy Graham,Denver Broncos,Matt Breida,138.54,117.02
Kyler Murray,Alvin Kamara,Nick Chubb,DeAndre Hopkins,JuJu Smith-Schuster,Larry Fitzgerald,Mark Andrews,Cincinnati Bengals,Delanie Walker,138.53,121.06
Dak Prescott,Damien Williams,Josh Jacobs,DeAndre Hopkins,Julio Jones,Dede Westbrook,Evan Engram,Denver Broncos,Chris Conley,138.53,111.16
Josh Allen,Le'Veon Bell,Tarik Cohen,JuJu Smith-Schuster,Julio Jones,Calvin Ridley,Travis Kelce,Jacksonville Jaguars,Austin Hooper,138.52,162.22
Ben Roethlisberger,Austin Ekeler,Matt Breida,Michael Thomas,Brandin Cooks,Cooper Kupp,Evan Engram,New York Giants,Josh Jacobs,138.52,123.3
Jared Goff,Christian McCaffrey,Damien Williams,Julio Jones,Tyler Lockett,D.K. Metcalf,Mark Andrews,Dallas Cowboys,Donte Moncrief,138.51,128.82
Matt Ryan,Saquon Barkley,James Conner,Davante Adams,Calvin Ridley,Jamison Crowder,Austin Hooper,Denver Broncos,Josh Jacobs,138.5,138.5
Cam Newton,Christian McCaffrey,Austin Ekeler,Brandin Cooks,Tyrell Williams,Ryan Grant,Travis Kelce,Cleveland Browns,Mark Andrews,138.47,147.82
Aaron Rodgers,Le'Veon Bell,Nick Chubb,Julio Jones,Adam Thielen,Stefon Diggs,Darren Waller,Indianapolis Colts,T.J. Hockenson,138.47,130.06
Patrick Mahomes,Alvin Kamara,Derrick Henry,DeAndre Hopkins,Julio Jones,Terry McLaurin,Austin Hooper,Carolina Panthers,Dallas Goedert,138.46,130.22
Dak Prescott,Christian McCaffrey,Leonard Fournette,Julio Jones,Calvin Ridley,Mohamed Sanu,David Njoku,Buffalo Bills,Devin Singletary,138.46,130.06
Tom Brady,Dalvin Cook,Austin Ekeler,Julio Jones,Marquise Brown,Christian Kirk,Travis Kelce,Houston Texans,Keesean Johnson,138.46,190.46
Tom Brady,Christian McCaffrey,Alvin Kamara,Michael Gallup,Trey Quinn,Terry McLaurin,Delanie Walker,Houston Texans,Nick Chubb,138.45,114.26
Andy Dalton,Alvin Kamara,Adrian Peterson,Julio Jones,Tyler Boyd,Brandin Cooks,George Kittle,New York Giants,Darren Waller,138.44,135.94
Carson Wentz,Austin Ekeler,Devin Singletary,Michael Thomas,Julio Jones,Mohamed Sanu,George Kittle,Dallas Cowboys,Adrian Peterson,138.44,131.24
Kyler Murray,Christian McCaffrey,Alvin Kamara,Robert Woods,Larry Fitzgerald,Christian Kirk,Evan Engram,Carolina Panthers,T.J. Hockenson,138.42,97.16
Deshaun Watson,Alvin Kamara,Phillip Lindsay,Julio Jones,Brandin Cooks,Cooper Kupp,Greg Olsen,New England Patriots,Ted Ginn,138.41,155.26
Patrick Mahomes,Alvin Kamara,Dalvin Cook,Alshon Jeffery,Calvin Ridley,Larry Fitzgerald,Austin Hooper,Dallas Cowboys,Josh Jacobs,138.4,137.92
Aaron Rodgers,Alvin Kamara,Austin Ekeler,Davante Adams,Marquez Valdes-Scantling,Christian Kirk,Evan Engram,Indianapolis Colts,Josh Jacobs,138.4,118.26
Matt Ryan,Christian McCaffrey,Alvin Kamara,Josh Gordon,Devante Parker,Preston Williams,Darren Waller,Cleveland Browns,Nick Chubb,138.4,98.7
Deshaun Watson,Christian McCaffrey,Devonta Freeman,Dede Westbrook,Will Fuller,Tyrell Williams,Evan Engram,New England Patriots,Duke Johnson,138.39,105.36
Patrick Mahomes,Kerryon Johnson,Miles Sanders,Michael Thomas,Julio Jones,Tyrell Williams,George Kittle,Houston Texans,Ryan Grant,138.38,143.42
Patrick Mahomes,Alvin Kamara,Nick Chubb,Davante Adams,Donte Moncrief,James Washington,Vance McDonald,New England Patriots,Matt Breida,138.38,164.32
Deshaun Watson,Christian McCaffrey,Alvin Kamara,Larry Fitzgerald,Miles Boykin,Keesean Johnson,Travis Kelce,Denver Broncos,Josh Jacobs,138.36,91.36
Ben Roethlisberger,Damien Williams,Kenyan Drake,DeAndre Hopkins,Julio Jones,DeSean Jackson,Zach Ertz,Carolina Panthers,Darren Waller,138.36,96.5
Philip Rivers,David Johnson,Chris Carson,Keenan Allen,Sammy Watkins,Courtland Sutton,T.J. Hockenson,New England Patriots,Josh Jacobs,138.36,116.32
Jameis Winston,Christian McCaffrey,Austin Ekeler,Odell Beckham Jr,D.J. Moore,Curtis Samuel,Mark Andrews,Houston Texans,Delanie Walker,138.34,154.22
Derek Carr,Christian McCaffrey,Dalvin Cook,Sammy Watkins,Calvin Ridley,Tyrell Williams,T.J. Hockenson,Washington Redskins,Chris Carson,138.34,118.52
Jameis Winston,Dalvin Cook,Chris Carson,Julio Jones,Sammy Watkins,Curtis Samuel,Greg Olsen,Cleveland Browns,Josh Jacobs,138.34,153.72
Patrick Mahomes,Le'Veon Bell,Austin Ekeler,Julio Jones,Tyler Lockett,Ryan Switzer,Evan Engram,Green Bay Packers,Vance McDonald,138.32,176.92
Mitch Trubisky,Christian McCaffrey,Dalvin Cook,Julio Jones,Allen Robinson,Courtland Sutton,Greg Olsen,Houston Texans,Devin Singletary,138.32,132.4
Dak Prescott,Nick Chubb,Austin Ekeler,Michael Thomas,Davante Adams,Terry McLaurin,Vernon Davis,New England Patriots,Devonta Freeman,138.3,181.76
Tom Brady,Dalvin Cook,Matt Breida,DeAndre Hopkins,Julio Jones,Calvin Ridley,Dallas Goedert,Green Bay Packers,Josh Jacobs,138.3,161.96
Patrick Mahomes,David Johnson,Austin Ekeler,Michael Thomas,John Brown,Mecole Hardman,Darren Waller,Houston Texans,Matt Breida,138.29,157.02
Patrick Mahomes,Christian McCaffrey,Matt Breida,Michael Thomas,Tyrell Williams,Hunter Renfrow,David Njoku,Green Bay Packers,Josh Jacobs,138.29,123.52
Josh Allen,Alvin Kamara,Le'Veon Bell,Julio Jones,Brandin Cooks,Cody Latimer,Evan Engram,New York Jets,Mark Andrews,138.27,148.32
Carson Wentz,Christian McCaffrey,Devonta Freeman,DeAndre Hopkins,Sammy Watkins,Ryan Grant,Darren Waller,Carolina Panthers,Devin Singletary,138.27,86.94
Matt Ryan,Alvin Kamara,James White,DeAndre Hopkins,DeSean Jackson,Calvin Ridley,Darren Waller,Buffalo Bills,Josh Jacobs,138.27,108.7
Ben Roethlisberger,Christian McCaffrey,Kenyan Drake,Julio Jones,Tyler Lockett,James Washington,Travis Kelce,Tennessee Titans,T.J. Hockenson,138.26,109.3
Patrick Mahomes,Christian McCaffrey,Nick Chubb,Mike Evans,Calvin Ridley,John Ross,OJ Howard,Cincinnati Bengals,Greg Olsen,138.26,142.52
Jared Goff,Saquon Barkley,Nick Chubb,Davante Adams,John Brown,Cole Beasley,Evan Engram,New England Patriots,T.J. Hockenson,138.24,162.02
Lamar Jackson,Alvin Kamara,Austin Ekeler,Keenan Allen,Marquise Brown,Larry Fitzgerald,Delanie Walker,Kansas City Chiefs,Josh Jacobs,138.23,146.78
Lamar Jackson,Dalvin Cook,Austin Ekeler,Julio Jones,Alshon Jeffery,D.J. Moore,T.J. Hockenson,Jacksonville Jaguars,Calvin Ridley,138.23,174.98
Jared Goff,Le'Veon Bell,Damien Williams,Julio Jones,Mike Evans,D.J. Moore,OJ Howard,Denver Broncos,Darren Waller,138.21,122.52
Cam Newton,Christian McCaffrey,Derrick Henry,Julio Jones,DeSean Jackson,Mohamed Sanu,Darren Waller,Green Bay Packers,Devante Parker,138.2,100.52
Ben Roethlisberger,Dalvin Cook,Nick Chubb,Michael Thomas,Julio Jones,Donte Moncrief,Evan Engram,Denver Broncos,James Washington,138.2,119.5
Tom Brady,David Johnson,James Conner,JuJu Smith-Schuster,Julian Edelman,Preston Williams,Delanie Walker,New England Patriots,Josh Jacobs,138.17,134.26
Patrick Mahomes,Josh Jacobs,LeSean McCoy,DeAndre Hopkins,Julio Jones,Julian Edelman,Delanie Walker,Baltimore Ravens,Jalen Richard,138.17,114.02
Baker Mayfield,Saquon Barkley,Josh Jacobs,JuJu Smith-Schuster,Robby Anderson,Jamison Crowder,Zach Ertz,New England Patriots,T.J. Hockenson,138.17,143.8
Carson Wentz,Christian McCaffrey,James Conner,Julio Jones,John Ross,Nelson Agholor,Mark Andrews,Indianapolis Colts,Aaron Jones,138.17,184.04
Matt Ryan,Christian McCaffrey,Leonard Fournette,Julio Jones,John Brown,Nelson Agholor,Delanie Walker,Dallas Cowboys,Matt Breida,138.17,143.7
Deshaun Watson,Alvin Kamara,Nick Chubb,JuJu Smith-Schuster,Will Fuller,Chris Conley,David Njoku,New England Patriots,Josh Jacobs,138.16,119.26
Tom Brady,Saquon Barkley,Alvin Kamara,Julio Jones,A.J. Brown,Deon Cain,Delanie Walker,Buffalo Bills,Devonta Freeman,138.16,116.56
Carson Wentz,Christian McCaffrey,Duke Johnson,DeAndre Hopkins,DeSean Jackson,Mohamed Sanu,Mark Andrews,New England Patriots,T.J. Hockenson,138.15,111.44
Cam Newton,David Johnson,Austin Ekeler,Odell Beckham Jr,Mike Evans,Curtis Samuel,Darren Waller,Denver Broncos,Josh Jacobs,138.15,126.72
Matt Ryan,Alvin Kamara,Austin Ekeler,Julio Jones,Christian Kirk,Nelson Agholor,George Kittle,Cleveland Browns,Miles Sanders,138.14,163.2
Cam Newton,Christian McCaffrey,Nick Chubb,Cooper Kupp,D.J. Moore,Tyrell Williams,OJ Howard,Pittsburgh Steelers,Devonta Freeman,138.13,112.92
Lamar Jackson,Christian McCaffrey,James Conner,Julio Jones,Cooper Kupp,Christian Kirk,T.J. Hockenson,Green Bay Packers,Miles Boykin,138.13,142.08
Carson Wentz,Chris Carson,Austin Ekeler,Michael Thomas,JuJu Smith-Schuster,D.K. Metcalf,Will Dissly,New England Patriots,Josh Jacobs,138.11,170.84
Ben Roethlisberger,Christian McCaffrey,Damien Williams,DeAndre Hopkins,JuJu Smith-Schuster,James Washington,Delanie Walker,Houston Texans,Adrian Peterson,138.11,74.7
Dak Prescott,Saquon Barkley,Austin Ekeler,DeAndre Hopkins,Julio Jones,Trey Quinn,Delanie Walker,Jacksonville Jaguars,Vernon Davis,138.1,147.46
Carson Wentz,Christian McCaffrey,Alvin Kamara,Kenny Golladay,Jamison Crowder,Danny Amendola,T.J. Hockenson,Tennessee Titans,Josh Jacobs,138.09,90.14
Jared Goff,Christian McCaffrey,Dalvin Cook,Marquise Brown,Larry Fitzgerald,Tyrell Williams,Mark Andrews,New England Patriots,Mark Ingram,138.09,184.02
Jared Goff,Nick Chubb,Miles Sanders,JuJu Smith-Schuster,Julio Jones,Alshon Jeffery,Delanie Walker,Chicago Bears,Calvin Ridley,138.08,131.02
Carson Wentz,Ezekiel Elliott,Josh Jacobs,Julio Jones,Danny Amendola,Nelson Agholor,Travis Kelce,New England Patriots,Kenyan Drake,138.08,184.24
Aaron Rodgers,Leonard Fournette,Nick Chubb,Davante Adams,Julio Jones,Courtland Sutton,Kyle Rudolph,New York Giants,Austin Ekeler,138.07,137.26
Matt Ryan,Christian McCaffrey,Austin Ekeler,Alshon Jeffery,Calvin Ridley,Christian Kirk,Vance McDonald,Houston Texans,Damien Williams,138.06,146.0
Aaron Rodgers,Austin Ekeler,Devonta Freeman,Julio Jones,Stefon Diggs,Marquez Valdes-Scantling,Travis Kelce,Denver Broncos,Devin Singletary,138.05,134.86
Patrick Mahomes,Christian McCaffrey,Nick Chubb,Julio Jones,Corey Davis,Deon Cain,Eric Ebron,Los Angeles Chargers,James White,138.05,131.52
Tom Brady,Nick Chubb,Derrick Henry,JuJu Smith-Schuster,Julio Jones,Josh Gordon,Mike Gesicki,Carolina Panthers,Devonta Freeman,138.04,127.26
Patrick Mahomes,Chris Carson,Austin Ekeler,Keenan Allen,Julio Jones,Mohamed Sanu,Dallas Goedert,Buffalo Bills,Kenyan Drake,138.03,140.42
Josh Allen,Alvin Kamara,Austin Ekeler,Michael Thomas,Robert Woods,Cooper Kupp,Mark Andrews,Cincinnati Bengals,Adrian Peterson,138.03,136.62
Drew Brees,Christian McCaffrey,Austin Ekeler,Julio Jones,Cooper Kupp,Jamison Crowder,Tyler Higbee,Jacksonville Jaguars,Devonta Freeman,138.03,112.82
Lamar Jackson,Alvin Kamara,Austin Ekeler,JuJu Smith-Schuster,Jamison Crowder,Christian Kirk,Mark Andrews,New York Giants,Derrick Henry,138.02,154.58
Derek Carr,Nick Chubb,Kerryon Johnson,Julio Jones,DeSean Jackson,Emmanuel Sanders,Zach Ertz,New England Patriots,James White,138.0,173.82
Tom Brady,Alvin Kamara,Miles Sanders,Davante Adams,Julio Jones,Stefon Diggs,Mark Andrews,Denver Broncos,Kyle Rudolph,138.0,133.56
Ben Roethlisberger,Saquon Barkley,Nick Chubb,JuJu Smith-Schuster,Calvin Ridley,Donte Moncrief,Darren Waller,Cleveland Browns,Damien Williams,138.0,123.1
