QB,RB,RB,WR,WR,WR,TE,DST,FLEX,Proj
Lamar Jackson ($8100),Christian McCaffrey ($10000),Alvin Kamara ($7200),T.Y. Hilton ($5800),Terry McLaurin ($5600),Marquise Brown ($5100),Logan Thomas ($2800),Dolphins ($2000),Dontrelle Inman ($3400),143.5
Tyrod Taylor ($5600),Alvin Kamara ($7200),Joe Mixon ($6700),Kenny Golladay ($6200),T.Y. Hilton ($5800),Terry McLaurin ($5600),Zach Ertz ($5800),Jets ($2100),DeSean Jackson ($4900),143
Lamar Jackson ($8100),Dalvin Cook ($7900),Alvin Kamara ($7200),Davante Adams ($7300),Kenny Golladay ($6200),Marquise Brown ($5100),Irv Smith Jr. ($3100),Jets ($2100),Chris Thompson ($3000),142.9
Carson Wentz ($6300),Christian McCaffrey ($10000),Alvin Kamara ($7200),Adam Thielen ($6700),Terry McLaurin ($5600),DeSean Jackson ($4900),Irv Smith Jr. ($3100),Patriots ($3200),Chris Thompson ($3000),142
Cam Newton ($6100),Dalvin Cook ($7900),Alvin Kamara ($7200),Adam Thielen ($6700),Calvin Ridley ($6100),DK Metcalf ($5800),Robert Tonyan ($2500),Jets ($2100),Terry McLaurin ($5600),141.5
Carson Wentz ($6300),Dalvin Cook ($7900),Miles Sanders ($6300),Davante Adams ($7300),T.Y. Hilton ($5800),Terry McLaurin ($5600),Zach Ertz ($5800),Dolphins ($2000),Chris Thompson ($3000),141.3
Lamar Jackson ($8100),Alvin Kamara ($7200),Miles Sanders ($6300),Calvin Ridley ($6100),Odell Beckham Jr. ($5900),DeSean Jackson ($4900),Mark Andrews ($6000),Jets ($2100),Dontrelle Inman ($3400),141.2
Cam Newton ($6100),Dalvin Cook ($7900),Alvin Kamara ($7200),Davante Adams ($7300),T.Y. Hilton ($5800),DeSean Jackson ($4900),Dallas Goedert ($4100),Lions ($2700),Antonio Gibson ($4000),141.1
Tom Brady ($6500),Alvin Kamara ($7200),Miles Sanders ($6300),Chris Godwin ($7100),Kenny Golladay ($6200),T.Y. Hilton ($5800),Mo Alie-Cox ($2600),Patriots ($3200),Marquise Brown ($5100),140.8
Lamar Jackson ($8100),Alvin Kamara ($7200),Antonio Gibson ($4000),Kenny Golladay ($6200),Calvin Ridley ($6100),Terry McLaurin ($5600),Dallas Goedert ($4100),Patriots ($3200),Marvin Jones Jr. ($5500),140.8
Tom Brady ($6500),Alvin Kamara ($7200),Ronald Jones II ($5200),Davante Adams ($7300),Adam Thielen ($6700),Kenny Golladay ($6200),Chris Herndon ($3300),Dolphins ($2000),Terry McLaurin ($5600),140.7
Lamar Jackson ($8100),Dalvin Cook ($7900),Miles Sanders ($6300),Adam Thielen ($6700),T.Y. Hilton ($5800),Marquise Brown ($5100),Robert Tonyan ($2500),Raiders ($2600),DeSean Jackson ($4900),140.6
Lamar Jackson ($8100),Josh Jacobs ($6800),Antonio Gibson ($4000),Davante Adams ($7300),Adam Thielen ($6700),T.Y. Hilton ($5800),Zach Ertz ($5800),Jets ($2100),Dontrelle Inman ($3400),140.3
Cam Newton ($6100),Christian McCaffrey ($10000),Todd Gurley II ($6100),Odell Beckham Jr. ($5900),Terry McLaurin ($5600),Marquise Brown ($5100),Dallas Goedert ($4100),Jets ($2100),DeSean Jackson ($4900),140.3
Lamar Jackson ($8100),Alvin Kamara ($7200),Antonio Gibson ($4000),Michael Thomas ($9000),DK Metcalf ($5800),DeSean Jackson ($4900),Zach Ertz ($5800),Dolphins ($2000),Chris Thompson ($3000),140.3
Matt Ryan ($6700),Christian McCaffrey ($10000),Alvin Kamara ($7200),Calvin Ridley ($6100),DK Metcalf ($5800),Marquise Brown ($5100),Ian Thomas ($3400),Lions ($2700),Chris Thompson ($3000),140.2
Jimmy Garoppolo ($5800),Alvin Kamara ($7200),Antonio Gibson ($4000),Chris Godwin ($7100),Adam Thielen ($6700),Terry McLaurin ($5600),Zach Ertz ($5800),Lions ($2700),Marquise Brown ($5100),140.2
Cam Newton ($6100),Alvin Kamara ($7200),Miles Sanders ($6300),Michael Thomas ($9000),T.Y. Hilton ($5800),Terry McLaurin ($5600),Tyler Eifert ($3300),Chargers ($2800),Parris Campbell ($3900),139.9
Matt Ryan ($6700),Dalvin Cook ($7900),Josh Jacobs ($6800),Kenny Golladay ($6200),DK Metcalf ($5800),Terry McLaurin ($5600),Dallas Goedert ($4100),Dolphins ($2000),DeSean Jackson ($4900),139.9
Matt Ryan ($6700),Alvin Kamara ($7200),Todd Gurley II ($6100),Davante Adams ($7300),DK Metcalf ($5800),Terry McLaurin ($5600),Zach Ertz ($5800),Cardinals ($2100),Dontrelle Inman ($3400),139.9
Matt Ryan ($6700),Christian McCaffrey ($10000),Miles Sanders ($6300),T.Y. Hilton ($5800),DeSean Jackson ($4900),Parris Campbell ($3900),Zach Ertz ($5800),Patriots ($3200),Dontrelle Inman ($3400),139.7
Josh Allen ($6500),Dalvin Cook ($7900),Antonio Gibson ($4000),Odell Beckham Jr. ($5900),T.Y. Hilton ($5800),Terry McLaurin ($5600),Mark Andrews ($6000),Patriots ($3200),Marquise Brown ($5100),139.7
Carson Wentz ($6300),Alvin Kamara ($7200),J.K. Dobbins ($5000),Kenny Golladay ($6200),DK Metcalf ($5800),Terry McLaurin ($5600),Mark Andrews ($6000),Chargers ($2800),Marquise Brown ($5100),139.5
Lamar Jackson ($8100),Miles Sanders ($6300),Todd Gurley II ($6100),Kenny Golladay ($6200),Calvin Ridley ($6100),DK Metcalf ($5800),Hayden Hurst ($4300),Dolphins ($2000),Marquise Brown ($5100),139.5
Cam Newton ($6100),Christian McCaffrey ($10000),Antonio Gibson ($4000),Calvin Ridley ($6100),T.Y. Hilton ($5800),Terry McLaurin ($5600),Zach Ertz ($5800),Cardinals ($2100),N'Keal Harry ($4400),139.4
Drew Brees ($6800),Alvin Kamara ($7200),Miles Sanders ($6300),Mike Evans ($6900),Adam Thielen ($6700),Marquise Brown ($5100),Mark Andrews ($6000),Dolphins ($2000),Chris Thompson ($3000),139.3
Kirk Cousins ($5700),Alvin Kamara ($7200),Miles Sanders ($6300),Davante Adams ($7300),Calvin Ridley ($6100),DK Metcalf ($5800),Irv Smith Jr. ($3100),Raiders ($2600),T.Y. Hilton ($5800),139.3
Carson Wentz ($6300),Christian McCaffrey ($10000),Josh Jacobs ($6800),Kenny Golladay ($6200),Calvin Ridley ($6100),Terry McLaurin ($5600),Ian Thomas ($3400),Jets ($2100),Dontrelle Inman ($3400),139.3
Tom Brady ($6500),Dalvin Cook ($7900),Alvin Kamara ($7200),Marquise Brown ($5100),DeSean Jackson ($4900),Dontrelle Inman ($3400),Zach Ertz ($5800),Seahawks ($2400),Josh Jacobs ($6800),139.3
Lamar Jackson ($8100),Dalvin Cook ($7900),Todd Gurley II ($6100),Davante Adams ($7300),Terry McLaurin ($5600),DeSean Jackson ($4900),Logan Thomas ($2800),Patriots ($3200),Parris Campbell ($3900),139.2
Cam Newton ($6100),Christian McCaffrey ($10000),Alvin Kamara ($7200),Davante Adams ($7300),N'Keal Harry ($4400),Damiere Byrd ($3200),Ian Thomas ($3400),Jets ($2100),Miles Sanders ($6300),139.2
Matt Ryan ($6700),Dalvin Cook ($7900),Alvin Kamara ($7200),Adam Thielen ($6700),T.Y. Hilton ($5800),Parris Campbell ($3900),Irv Smith Jr. ($3100),Dolphins ($2000),Joe Mixon ($6700),139.1
Carson Wentz ($6300),Alvin Kamara ($7200),Miles Sanders ($6300),Adam Thielen ($6700),Kenny Golladay ($6200),Marvin Jones Jr. ($5500),Zach Ertz ($5800),Raiders ($2600),Dontrelle Inman ($3400),139.1
Carson Wentz ($6300),Christian McCaffrey ($10000),Antonio Gibson ($4000),Davante Adams ($7300),Adam Thielen ($6700),Calvin Ridley ($6100),Robert Tonyan ($2500),Dolphins ($2000),Marquise Brown ($5100),139
Kirk Cousins ($5700),Christian McCaffrey ($10000),Alvin Kamara ($7200),Davante Adams ($7300),Kenny Golladay ($6200),DeSean Jackson ($4900),Robert Tonyan ($2500),Chargers ($2800),Dontrelle Inman ($3400),138.9
Cam Newton ($6100),Josh Jacobs ($6800),Miles Sanders ($6300),Davante Adams ($7300),Adam Thielen ($6700),Odell Beckham Jr. ($5900),Irv Smith Jr. ($3100),Lions ($2700),Marquise Brown ($5100),138.9
Drew Brees ($6800),Alvin Kamara ($7200),Josh Jacobs ($6800),Chris Godwin ($7100),Calvin Ridley ($6100),T.Y. Hilton ($5800),Tyler Eifert ($3300),Dolphins ($2000),DeSean Jackson ($4900),138.9
Tom Brady ($6500),Alvin Kamara ($7200),Todd Gurley II ($6100),Michael Thomas ($9000),Adam Thielen ($6700),T.Y. Hilton ($5800),Jack Doyle ($3600),Jets ($2100),Chris Thompson ($3000),138.9
Jimmy Garoppolo ($5800),Christian McCaffrey ($10000),Alvin Kamara ($7200),Tyler Lockett ($6500),Calvin Ridley ($6100),T.Y. Hilton ($5800),Mo Alie-Cox ($2600),Jets ($2100),Parris Campbell ($3900),138.8
Tom Brady ($6500),Christian McCaffrey ($10000),Miles Sanders ($6300),Kenny Golladay ($6200),Terry McLaurin ($5600),Marvin Jones Jr. ($5500),Logan Thomas ($2800),Cardinals ($2100),DeSean Jackson ($4900),138.8
Carson Wentz ($6300),Alvin Kamara ($7200),Antonio Gibson ($4000),Michael Thomas ($9000),Davante Adams ($7300),Odell Beckham Jr. ($5900),Mo Alie-Cox ($2600),Jets ($2100),Terry McLaurin ($5600),138.8
Drew Brees ($6800),Alvin Kamara ($7200),Todd Gurley II ($6100),Michael Thomas ($9000),Terry McLaurin ($5600),DeSean Jackson ($4900),Chris Herndon ($3300),Lions ($2700),N'Keal Harry ($4400),138.7
Lamar Jackson ($8100),Christian McCaffrey ($10000),Antonio Gibson ($4000),Kenny Golladay ($6200),Marquise Brown ($5100),DeSean Jackson ($4900),Mark Andrews ($6000),Seahawks ($2400),Damiere Byrd ($3200),138.6
Jimmy Garoppolo ($5800),Joe Mixon ($6700),Miles Sanders ($6300),Davante Adams ($7300),Adam Thielen ($6700),DeSean Jackson ($4900),George Kittle ($7200),Jets ($2100),Chris Thompson ($3000),138.6
Lamar Jackson ($8100),Josh Jacobs ($6800),Joe Mixon ($6700),Kenny Golladay ($6200),Odell Beckham Jr. ($5900),T.Y. Hilton ($5800),Tyler Eifert ($3300),Cardinals ($2100),Marquise Brown ($5100),138.5
Tyrod Taylor ($5600),Alvin Kamara ($7200),Joe Mixon ($6700),Davante Adams ($7300),Adam Thielen ($6700),Marquise Brown ($5100),Tyler Eifert ($3300),Patriots ($3200),Allen Lazard ($4900),138.4
Kirk Cousins ($5700),Miles Sanders ($6300),Todd Gurley II ($6100),Adam Thielen ($6700),Calvin Ridley ($6100),Terry McLaurin ($5600),Zach Ertz ($5800),Chargers ($2800),DeSean Jackson ($4900),138.4
Josh Allen ($6500),Alvin Kamara ($7200),Ronald Jones II ($5200),Michael Thomas ($9000),DK Metcalf ($5800),T.Y. Hilton ($5800),Chris Herndon ($3300),Cardinals ($2100),Marquise Brown ($5100),138.3
Jimmy Garoppolo ($5800),Christian McCaffrey ($10000),Todd Gurley II ($6100),Kenny Golladay ($6200),Terry McLaurin ($5600),Chris Thompson ($3000),George Kittle ($7200),Dolphins ($2000),Antonio Gibson ($4000),138.1
Tyrod Taylor ($5600),Christian McCaffrey ($10000),Dalvin Cook ($7900),Davante Adams ($7300),Terry McLaurin ($5600),N'Keal Harry ($4400),Irv Smith Jr. ($3100),Lions ($2700),Dontrelle Inman ($3400),138.1
Cam Newton ($6100),Alvin Kamara ($7200),Joe Mixon ($6700),DeVante Parker ($6000),T.Y. Hilton ($5800),Marquise Brown ($5100),Mark Andrews ($6000),Raiders ($2600),N'Keal Harry ($4400),138.1
Lamar Jackson ($8100),Miles Sanders ($6300),J.K. Dobbins ($5000),Tyler Lockett ($6500),Terry McLaurin ($5600),Marvin Jones Jr. ($5500),Zach Ertz ($5800),Jets ($2100),Marquise Brown ($5100),138
Cam Newton ($6100),Alvin Kamara ($7200),Joe Mixon ($6700),Michael Thomas ($9000),Adam Thielen ($6700),DeSean Jackson ($4900),Logan Thomas ($2800),Ravens ($3100),Dontrelle Inman ($3400),138
Josh Allen ($6500),Dalvin Cook ($7900),Miles Sanders ($6300),Davante Adams ($7300),Adam Thielen ($6700),DK Metcalf ($5800),Chris Herndon ($3300),Chargers ($2800),Dontrelle Inman ($3400),138
Tom Brady ($6500),Alvin Kamara ($7200),Todd Gurley II ($6100),Davante Adams ($7300),Odell Beckham Jr. ($5900),Marquise Brown ($5100),Mark Andrews ($6000),WAS Football Team ($2000),Parris Campbell ($3900),137.9
Jimmy Garoppolo ($5800),Alvin Kamara ($7200),Miles Sanders ($6300),Mike Evans ($6900),Tyler Lockett ($6500),Terry McLaurin ($5600),Dallas Goedert ($4100),Raiders ($2600),DeSean Jackson ($4900),137.9
Lamar Jackson ($8100),Josh Jacobs ($6800),J.K. Dobbins ($5000),Calvin Ridley ($6100),T.Y. Hilton ($5800),Terry McLaurin ($5600),Mark Andrews ($6000),Lions ($2700),Parris Campbell ($3900),137.8
Tom Brady ($6500),Alvin Kamara ($7200),Chris Carson ($6200),Davante Adams ($7300),Chris Godwin ($7100),DK Metcalf ($5800),Logan Thomas ($2800),Jets ($2100),DeSean Jackson ($4900),137.8
Matthew Stafford ($6200),Christian McCaffrey ($10000),Miles Sanders ($6300),Adam Thielen ($6700),Kenny Golladay ($6200),T.Y. Hilton ($5800),Ian Thomas ($3400),Dolphins ($2000),Cordarrelle Patterson ($3400),137.8
Josh Allen ($6500),Alvin Kamara ($7200),Josh Jacobs ($6800),Chris Godwin ($7100),Mike Evans ($6900),Terry McLaurin ($5600),Chris Herndon ($3300),Patriots ($3200),Dontrelle Inman ($3400),137.7
Matt Ryan ($6700),Christian McCaffrey ($10000),Antonio Gibson ($4000),Adam Thielen ($6700),Tyler Lockett ($6500),DK Metcalf ($5800),Tyler Eifert ($3300),Jets ($2100),DeSean Jackson ($4900),137.7
Tyrod Taylor ($5600),Joe Mixon ($6700),Miles Sanders ($6300),Michael Thomas ($9000),Adam Thielen ($6700),Terry McLaurin ($5600),Dallas Goedert ($4100),Dolphins ($2000),Antonio Gibson ($4000),137.7
Russell Wilson ($7000),Dalvin Cook ($7900),Alvin Kamara ($7200),Tyler Lockett ($6500),Kenny Golladay ($6200),DK Metcalf ($5800),Logan Thomas ($2800),Patriots ($3200),Dontrelle Inman ($3400),137.6
Matt Ryan ($6700),Dalvin Cook ($7900),Tevin Coleman ($4200),Davante Adams ($7300),Kenny Golladay ($6200),Calvin Ridley ($6100),Robert Tonyan ($2500),Patriots ($3200),T.Y. Hilton ($5800),137.6
Jimmy Garoppolo ($5800),Christian McCaffrey ($10000),Josh Jacobs ($6800),Davante Adams ($7300),T.Y. Hilton ($5800),Robby Anderson ($4700),Ian Thomas ($3400),Patriots ($3200),Chris Thompson ($3000),137.5
Cam Newton ($6100),Christian McCaffrey ($10000),Dalvin Cook ($7900),Adam Thielen ($6700),Marquise Brown ($5100),Preston Williams ($4500),Chris Herndon ($3300),WAS Football Team ($2000),N'Keal Harry ($4400),137.5
Josh Allen ($6500),Christian McCaffrey ($10000),Tevin Coleman ($4200),Tyler Lockett ($6500),Calvin Ridley ($6100),DK Metcalf ($5800),Chris Herndon ($3300),Dolphins ($2000),Terry McLaurin ($5600),137.5
Mitchell Trubisky ($5400),Dalvin Cook ($7900),Todd Gurley II ($6100),Adam Thielen ($6700),Kenny Golladay ($6200),T.Y. Hilton ($5800),T.J. Hockenson ($4200),Cardinals ($2100),Terry McLaurin ($5600),137.5
Matt Ryan ($6700),Alvin Kamara ($7200),Miles Sanders ($6300),Julio Jones ($7700),Chris Godwin ($7100),Terry McLaurin ($5600),Hayden Hurst ($4300),Jets ($2100),Chris Thompson ($3000),137.5
Mitchell Trubisky ($5400),Christian McCaffrey ($10000),Alvin Kamara ($7200),Kenny Golladay ($6200),T.Y. Hilton ($5800),Marvin Jones Jr. ($5500),Tyler Eifert ($3300),Eagles ($3600),Chris Thompson ($3000),137.4
Tom Brady ($6500),Christian McCaffrey ($10000),Antonio Gibson ($4000),Michael Thomas ($9000),DK Metcalf ($5800),Terry McLaurin ($5600),Robert Tonyan ($2500),Patriots ($3200),Dontrelle Inman ($3400),137.4
Tyrod Taylor ($5600),Dalvin Cook ($7900),J.K. Dobbins ($5000),Davante Adams ($7300),Calvin Ridley ($6100),Marquise Brown ($5100),Mark Andrews ($6000),Cardinals ($2100),DeSean Jackson ($4900),137.4
Cam Newton ($6100),Alvin Kamara ($7200),Antonio Gibson ($4000),Michael Thomas ($9000),Chris Godwin ($7100),Kenny Golladay ($6200),Chris Herndon ($3300),Raiders ($2600),Preston Williams ($4500),137.4
Jimmy Garoppolo ($5800),Dalvin Cook ($7900),Alvin Kamara ($7200),Chris Godwin ($7100),T.Y. Hilton ($5800),Dontrelle Inman ($3400),George Kittle ($7200),Raiders ($2600),Chris Thompson ($3000),137.4
Lamar Jackson ($8100),Christian McCaffrey ($10000),Todd Gurley II ($6100),Adam Thielen ($6700),DeSean Jackson ($4900),Robby Anderson ($4700),Ian Thomas ($3400),Lions ($2700),Dontrelle Inman ($3400),137.3
Lamar Jackson ($8100),Dalvin Cook ($7900),Tevin Coleman ($4200),Kenny Golladay ($6200),Odell Beckham Jr. ($5900),Terry McLaurin ($5600),Zach Ertz ($5800),Chargers ($2800),Dontrelle Inman ($3400),137.3
Dwayne Haskins Jr. ($5000),Christian McCaffrey ($10000),Dalvin Cook ($7900),T.Y. Hilton ($5800),Terry McLaurin ($5600),DeSean Jackson ($4900),Chris Herndon ($3300),Chargers ($2800),Robby Anderson ($4700),137.3
Carson Wentz ($6300),Alvin Kamara ($7200),Todd Gurley II ($6100),Tyler Lockett ($6500),DK Metcalf ($5800),T.Y. Hilton ($5800),Hayden Hurst ($4300),Ravens ($3100),DeSean Jackson ($4900),137.3
Carson Wentz ($6300),Josh Jacobs ($6800),Antonio Gibson ($4000),Michael Thomas ($9000),Kenny Golladay ($6200),T.Y. Hilton ($5800),Jack Doyle ($3600),Patriots ($3200),DeSean Jackson ($4900),137.3
Matthew Stafford ($6200),Alvin Kamara ($7200),Josh Jacobs ($6800),Davante Adams ($7300),Kenny Golladay ($6200),T.Y. Hilton ($5800),T.J. Hockenson ($4200),Seahawks ($2400),Parris Campbell ($3900),137.2
Matt Ryan ($6700),Alvin Kamara ($7200),Todd Gurley II ($6100),Julio Jones ($7700),Kenny Golladay ($6200),Calvin Ridley ($6100),Logan Thomas ($2800),Jaguars ($2300),DeSean Jackson ($4900),137.2
Tom Brady ($6500),Ronald Jones II ($5200),Antonio Gibson ($4000),Michael Thomas ($9000),Kenny Golladay ($6200),Calvin Ridley ($6100),Zach Ertz ($5800),Jets ($2100),Marquise Brown ($5100),137.2
Cam Newton ($6100),Alvin Kamara ($7200),Ronald Jones II ($5200),Chris Godwin ($7100),Terry McLaurin ($5600),Marvin Jones Jr. ($5500),Mark Andrews ($6000),Seahawks ($2400),DeSean Jackson ($4900),137.2
Matt Ryan ($6700),Dalvin Cook ($7900),Joe Mixon ($6700),Tyler Lockett ($6500),Calvin Ridley ($6100),Terry McLaurin ($5600),Logan Thomas ($2800),Raiders ($2600),Marquise Brown ($5100),137.2
Jimmy Garoppolo ($5800),Alvin Kamara ($7200),Miles Sanders ($6300),Michael Thomas ($9000),Kenny Golladay ($6200),DK Metcalf ($5800),T.J. Hockenson ($4200),Jets ($2100),Cordarrelle Patterson ($3400),137.2
Kirk Cousins ($5700),Alvin Kamara ($7200),Josh Jacobs ($6800),Adam Thielen ($6700),T.Y. Hilton ($5800),Terry McLaurin ($5600),Dallas Goedert ($4100),Ravens ($3100),Allen Lazard ($4900),137.1
Lamar Jackson ($8100),Tarik Cohen ($4900),Ryan Nall ($4000),Davante Adams ($7300),Adam Thielen ($6700),Terry McLaurin ($5600),Mark Andrews ($6000),Jaguars ($2300),Marquise Brown ($5100),137.1
Carson Wentz ($6300),Dalvin Cook ($7900),Tarik Cohen ($4900),Davante Adams ($7300),Adam Thielen ($6700),Kenny Golladay ($6200),Ian Thomas ($3400),Seahawks ($2400),DeSean Jackson ($4900),137.1
Josh Allen ($6500),Austin Ekeler ($7000),Joe Mixon ($6700),Davante Adams ($7300),Terry McLaurin ($5600),DeSean Jackson ($4900),Mark Andrews ($6000),Raiders ($2600),Dontrelle Inman ($3400),137
Matthew Stafford ($6200),Dalvin Cook ($7900),Miles Sanders ($6300),Michael Thomas ($9000),Terry McLaurin ($5600),DeSean Jackson ($4900),Irv Smith Jr. ($3100),Jets ($2100),Allen Lazard ($4900),137
Lamar Jackson ($8100),Joe Mixon ($6700),Miles Sanders ($6300),Julio Jones ($7700),DK Metcalf ($5800),T.Y. Hilton ($5800),Jack Doyle ($3600),Jets ($2100),Parris Campbell ($3900),137
Russell Wilson ($7000),Alvin Kamara ($7200),Todd Gurley II ($6100),Adam Thielen ($6700),Tyler Lockett ($6500),Calvin Ridley ($6100),Irv Smith Jr. ($3100),Cardinals ($2100),Marquise Brown ($5100),137
Lamar Jackson ($8100),Alvin Kamara ($7200),Miles Sanders ($6300),Davante Adams ($7300),Chris Godwin ($7100),Allen Lazard ($4900),Robert Tonyan ($2500),Lions ($2700),Parris Campbell ($3900),137
Josh Allen ($6500),Christian McCaffrey ($10000),Josh Jacobs ($6800),Terry McLaurin ($5600),DeSean Jackson ($4900),Preston Williams ($4500),Zach Ertz ($5800),Lions ($2700),Damiere Byrd ($3200),136.9
Dwayne Haskins Jr. ($5000),Josh Jacobs ($6800),Chris Carson ($6200),Kenny Golladay ($6200),Terry McLaurin ($5600),Marquise Brown ($5100),Zach Ertz ($5800),Patriots ($3200),Todd Gurley II ($6100),136.9
Drew Brees ($6800),Alvin Kamara ($7200),Chris Thompson ($4000),Davante Adams ($7300),Tyler Lockett ($6500),T.Y. Hilton ($5800),Jack Doyle ($3600),Patriots ($3200),Terry McLaurin ($5600),136.8
Lamar Jackson ($8100),Christian McCaffrey ($10000),Miles Sanders ($6300),Odell Beckham Jr. ($5900),Marquise Brown ($5100),Robby Anderson ($4700),Chris Herndon ($3300),Patriots ($3200),Cordarrelle Patterson ($3400),136.8
Lamar Jackson ($8100),Joe Mixon ($6700),J.K. Dobbins ($5000),Chris Godwin ($7100),DK Metcalf ($5800),Marquise Brown ($5100),Dallas Goedert ($4100),Patriots ($3200),DeSean Jackson ($4900),136.8
Lamar Jackson ($8100),Alvin Kamara ($7200),Chris Carson ($6200),Tyler Lockett ($6500),Odell Beckham Jr. ($5900),DK Metcalf ($5800),Mo Alie-Cox ($2600),Raiders ($2600),Marquise Brown ($5100),136.8
Cam Newton ($6100),Dalvin Cook ($7900),Miles Sanders ($6300),Kenny Golladay ($6200),DeVante Parker ($6000),DeSean Jackson ($4900),Zach Ertz ($5800),Saints ($2400),N'Keal Harry ($4400),136.8
Lamar Jackson ($8100),Alvin Kamara ($7200),J.K. Dobbins ($5000),Adam Thielen ($6700),Odell Beckham Jr. ($5900),T.Y. Hilton ($5800),Ian Thomas ($3400),Patriots ($3200),Curtis Samuel ($4600),136.7
Lamar Jackson ($8100),Todd Gurley II ($6100),Ronald Jones II ($5200),Chris Godwin ($7100),T.Y. Hilton ($5800),Marquise Brown ($5100),Mark Andrews ($6000),Jets ($2100),Preston Williams ($4500),136.7
Tom Brady ($6500),Christian McCaffrey ($10000),Ronald Jones II ($5200),Chris Godwin ($7100),T.Y. Hilton ($5800),Terry McLaurin ($5600),Dallas Goedert ($4100),Lions ($2700),Chris Thompson ($3000),136.7
Carson Wentz ($6300),Dalvin Cook ($7900),Alvin Kamara ($7200),Mike Evans ($6900),Calvin Ridley ($6100),Dontrelle Inman ($3400),Dallas Goedert ($4100),Dolphins ($2000),Todd Gurley II ($6100),136.7
Carson Wentz ($6300),Christian McCaffrey ($10000),Alvin Kamara ($7200),Chris Godwin ($7100),Parris Campbell ($3900),Dontrelle Inman ($3400),Mark Andrews ($6000),Cardinals ($2100),Antonio Gibson ($4000),136.6
Lamar Jackson ($8100),Joe Mixon ($6700),Mark Ingram II ($5500),Davante Adams ($7300),Odell Beckham Jr. ($5900),DK Metcalf ($5800),Irv Smith Jr. ($3100),Dolphins ($2000),Terry McLaurin ($5600),136.5
Cam Newton ($6100),Alvin Kamara ($7200),Josh Jacobs ($6800),Davante Adams ($7300),DeVante Parker ($6000),Terry McLaurin ($5600),Logan Thomas ($2800),Bills ($3700),Preston Williams ($4500),136.5
Carson Wentz ($6300),Christian McCaffrey ($10000),Joe Mixon ($6700),Calvin Ridley ($6100),T.Y. Hilton ($5800),DeSean Jackson ($4900),Logan Thomas ($2800),Lions ($2700),Curtis Samuel ($4600),136.5
Russell Wilson ($7000),Dalvin Cook ($7900),Josh Jacobs ($6800),Calvin Ridley ($6100),DK Metcalf ($5800),T.Y. Hilton ($5800),Mo Alie-Cox ($2600),Chargers ($2800),Marquise Brown ($5100),136.5
Cam Newton ($6100),Josh Jacobs ($6800),Miles Sanders ($6300),Tyler Lockett ($6500),Calvin Ridley ($6100),DK Metcalf ($5800),Zach Ertz ($5800),Ravens ($3100),Dontrelle Inman ($3400),136.5
Tyrod Taylor ($5600),Austin Ekeler ($7000),Joe Mixon ($6700),Adam Thielen ($6700),Kenny Golladay ($6200),Calvin Ridley ($6100),Chris Herndon ($3300),Raiders ($2600),DK Metcalf ($5800),136.4
Carson Wentz ($6300),Alvin Kamara ($7200),Joe Mixon ($6700),Odell Beckham Jr. ($5900),Marquise Brown ($5100),DeSean Jackson ($4900),George Kittle ($7200),Dolphins ($2000),Steven Sims Jr. ($4700),136.4
Cam Newton ($6100),Alvin Kamara ($7200),Ronald Jones II ($5200),Mike Evans ($6900),Kenny Golladay ($6200),Calvin Ridley ($6100),Mike Gesicki ($4500),WAS Football Team ($2000),T.Y. Hilton ($5800),136.4
Tyrod Taylor ($5600),Christian McCaffrey ($10000),Alvin Kamara ($7200),Tyler Lockett ($6500),Terry McLaurin ($5600),Curtis Samuel ($4600),Ian Thomas ($3400),Ravens ($3100),Antonio Gibson ($4000),136.4
Drew Brees ($6800),Alvin Kamara ($7200),Joe Mixon ($6700),Davante Adams ($7300),Mike Evans ($6900),Kenny Golladay ($6200),Logan Thomas ($2800),Cardinals ($2100),Antonio Gibson ($4000),136.4
Tom Brady ($6500),Christian McCaffrey ($10000),Dalvin Cook ($7900),Odell Beckham Jr. ($5900),Allen Lazard ($4900),Chris Thompson ($3000),Robert Tonyan ($2500),Dolphins ($2000),Alvin Kamara ($7200),136.4
Kirk Cousins ($5700),Dalvin Cook ($7900),Josh Jacobs ($6800),Adam Thielen ($6700),Kenny Golladay ($6200),Parris Campbell ($3900),Tyler Eifert ($3300),Patriots ($3200),Miles Sanders ($6300),136.4
Drew Brees ($6800),Dalvin Cook ($7900),Todd Gurley II ($6100),Davante Adams ($7300),DK Metcalf ($5800),T.Y. Hilton ($5800),Tyler Eifert ($3300),Jets ($2100),Allen Lazard ($4900),136.4
Tyrod Taylor ($5600),Christian McCaffrey ($10000),Chris Thompson ($4000),Davante Adams ($7300),Adam Thielen ($6700),T.Y. Hilton ($5800),Mo Alie-Cox ($2600),Ravens ($3100),DeSean Jackson ($4900),136.3
Tom Brady ($6500),Dalvin Cook ($7900),Alvin Kamara ($7200),Terry McLaurin ($5600),Preston Williams ($4500),N'Keal Harry ($4400),Mike Gesicki ($4500),Ravens ($3100),Miles Sanders ($6300),136.3
Drew Brees ($6800),Dalvin Cook ($7900),Miles Sanders ($6300),Chris Godwin ($7100),Terry McLaurin ($5600),Marquise Brown ($5100),Dallas Goedert ($4100),Bills ($3700),Dontrelle Inman ($3400),136.3
Carson Wentz ($6300),Dalvin Cook ($7900),Joe Mixon ($6700),Chris Godwin ($7100),Kenny Golladay ($6200),Terry McLaurin ($5600),Irv Smith Jr. ($3100),Ravens ($3100),Antonio Gibson ($4000),136.3
Carson Wentz ($6300),Christian McCaffrey ($10000),Alvin Kamara ($7200),Marquise Brown ($5100),Robby Anderson ($4700),Curtis Samuel ($4600),Zach Ertz ($5800),Jets ($2100),Tevin Coleman ($4200),136.3
Tyrod Taylor ($5600),Alvin Kamara ($7200),Austin Ekeler ($7000),Michael Thomas ($9000),Chris Godwin ($7100),Marquise Brown ($5100),Ian Thomas ($3400),Jets ($2100),Dontrelle Inman ($3400),136.3
Josh Allen ($6500),Christian McCaffrey ($10000),Alvin Kamara ($7200),Mike Evans ($6900),DeSean Jackson ($4900),Parris Campbell ($3900),Ian Thomas ($3400),Dolphins ($2000),Ronald Jones II ($5200),136.2
Lamar Jackson ($8100),Christian McCaffrey ($10000),Alvin Kamara ($7200),DeSean Jackson ($4900),Steven Sims Jr. ($4700),Preston Williams ($4500),Dallas Goedert ($4100),Cardinals ($2100),N'Keal Harry ($4400),136.2
Kirk Cousins ($5700),Christian McCaffrey ($10000),Chris Carson ($6200),Davante Adams ($7300),T.Y. Hilton ($5800),Marquise Brown ($5100),Tyler Eifert ($3300),Lions ($2700),Parris Campbell ($3900),136.2
Lamar Jackson ($8100),Dalvin Cook ($7900),Joe Mixon ($6700),Adam Thielen ($6700),Allen Lazard ($4900),Chris Thompson ($3000),Mark Andrews ($6000),Lions ($2700),Antonio Gibson ($4000),136.2
Jimmy Garoppolo ($5800),Dalvin Cook ($7900),Miles Sanders ($6300),Julio Jones ($7700),Calvin Ridley ($6100),DK Metcalf ($5800),Dallas Goedert ($4100),Patriots ($3200),Chris Thompson ($3000),136.2
Carson Wentz ($6300),Josh Jacobs ($6800),Miles Sanders ($6300),Julio Jones ($7700),Adam Thielen ($6700),Tyler Lockett ($6500),Logan Thomas ($2800),Dolphins ($2000),DeSean Jackson ($4900),136.1
Tyrod Taylor ($5600),Alvin Kamara ($7200),Ronald Jones II ($5200),Chris Godwin ($7100),Calvin Ridley ($6100),DK Metcalf ($5800),Zach Ertz ($5800),Patriots ($3200),Parris Campbell ($3900),136.1
Mitchell Trubisky ($5400),Dalvin Cook ($7900),Alvin Kamara ($7200),Davante Adams ($7300),Terry McLaurin ($5600),Marvin Jones Jr. ($5500),Ian Thomas ($3400),Chargers ($2800),Allen Lazard ($4900),136.1
Jimmy Garoppolo ($5800),Alvin Kamara ($7200),Joe Mixon ($6700),Kenny Golladay ($6200),Odell Beckham Jr. ($5900),Jarvis Landry ($5900),Mark Andrews ($6000),Patriots ($3200),Chris Thompson ($3000),136
Matthew Stafford ($6200),Alvin Kamara ($7200),Miles Sanders ($6300),Kenny Golladay ($6200),Calvin Ridley ($6100),Christian Kirk ($5000),George Kittle ($7200),Chargers ($2800),Chris Thompson ($3000),136
Drew Brees ($6800),Christian McCaffrey ($10000),Alvin Kamara ($7200),Kenny Golladay ($6200),DK Metcalf ($5800),Robby Anderson ($4700),Irv Smith Jr. ($3100),Dolphins ($2000),Bryan Edwards ($4200),136
Carson Wentz ($6300),Alvin Kamara ($7200),Matt Breida ($5000),Davante Adams ($7300),Calvin Ridley ($6100),DeSean Jackson ($4900),Zach Ertz ($5800),Colts ($3000),N'Keal Harry ($4400),136
Josh Allen ($6500),Dalvin Cook ($7900),Alvin Kamara ($7200),Chris Godwin ($7100),Adam Thielen ($6700),DeSean Jackson ($4900),Mo Alie-Cox ($2600),Cardinals ($2100),Allen Lazard ($4900),136
Lamar Jackson ($8100),Josh Jacobs ($6800),Mark Ingram II ($5500),Michael Thomas ($9000),Terry McLaurin ($5600),Marquise Brown ($5100),Dallas Goedert ($4100),Chargers ($2800),Chris Thompson ($3000),135.9
Cam Newton ($6100),Christian McCaffrey ($10000),Dalvin Cook ($7900),Kenny Golladay ($6200),T.Y. Hilton ($5800),Parris Campbell ($3900),Jack Doyle ($3600),Ravens ($3100),Damiere Byrd ($3200),135.9
Cam Newton ($6100),Todd Gurley II ($6100),Antonio Gibson ($4000),Julio Jones ($7700),Tyler Lockett ($6500),DK Metcalf ($5800),Mark Andrews ($6000),Lions ($2700),Marquise Brown ($5100),135.9
Matthew Stafford ($6200),Alvin Kamara ($7200),Chris Carson ($6200),Michael Thomas ($9000),Kenny Golladay ($6200),Marvin Jones Jr. ($5500),Robert Tonyan ($2500),Dolphins ($2000),Marquise Brown ($5100),135.9
Carson Wentz ($6300),Miles Sanders ($6300),Antonio Gibson ($4000),Calvin Ridley ($6100),DeVante Parker ($6000),DK Metcalf ($5800),George Kittle ($7200),Lions ($2700),Terry McLaurin ($5600),135.9
Matt Ryan ($6700),Miles Sanders ($6300),Tarik Cohen ($4900),Tyler Lockett ($6500),Odell Beckham Jr. ($5900),DK Metcalf ($5800),Mark Andrews ($6000),Dolphins ($2000),T.Y. Hilton ($5800),135.9
Russell Wilson ($7000),Alvin Kamara ($7200),Joe Mixon ($6700),Julio Jones ($7700),Calvin Ridley ($6100),Terry McLaurin ($5600),Jack Doyle ($3600),Lions ($2700),Dontrelle Inman ($3400),135.9
Tom Brady ($6500),Alvin Kamara ($7200),Tarik Cohen ($4900),Michael Thomas ($9000),Calvin Ridley ($6100),DeSean Jackson ($4900),Ian Thomas ($3400),Patriots ($3200),Robby Anderson ($4700),135.9
Russell Wilson ($7000),Todd Gurley II ($6100),Antonio Gibson ($4000),Davante Adams ($7300),Kenny Golladay ($6200),Marvin Jones Jr. ($5500),Zach Ertz ($5800),Ravens ($3100),DeSean Jackson ($4900),135.9
Kirk Cousins ($5700),Chris Carson ($6200),Todd Gurley II ($6100),Davante Adams ($7300),Adam Thielen ($6700),DK Metcalf ($5800),Mark Andrews ($6000),Patriots ($3200),Chris Thompson ($3000),135.8
Tom Brady ($6500),Miles Sanders ($6300),Todd Gurley II ($6100),Michael Thomas ($9000),Davante Adams ($7300),DeSean Jackson ($4900),Dallas Goedert ($4100),Jaguars ($2300),Dontrelle Inman ($3400),135.8
Tom Brady ($6500),Alvin Kamara ($7200),Tarik Cohen ($4900),Mike Evans ($6900),Terry McLaurin ($5600),Marquise Brown ($5100),George Kittle ($7200),Jets ($2100),Larry Fitzgerald ($4500),135.8
Jimmy Garoppolo ($5800),Alvin Kamara ($7200),Ronald Jones II ($5200),Michael Thomas ($9000),Davante Adams ($7300),Calvin Ridley ($6100),Tyler Eifert ($3300),Ravens ($3100),Chris Thompson ($3000),135.8
Lamar Jackson ($8100),Josh Jacobs ($6800),Antonio Gibson ($4000),Julio Jones ($7700),Chris Godwin ($7100),DK Metcalf ($5800),Logan Thomas ($2800),Cardinals ($2100),Terry McLaurin ($5600),135.8
Matt Ryan ($6700),Alvin Kamara ($7200),Antonio Gibson ($4000),Michael Thomas ($9000),Tyler Lockett ($6500),Marquise Brown ($5100),Hayden Hurst ($4300),Patriots ($3200),Parris Campbell ($3900),135.8
Tom Brady ($6500),Alvin Kamara ($7200),Miles Sanders ($6300),Julio Jones ($7700),Mike Evans ($6900),Calvin Ridley ($6100),Chris Herndon ($3300),Cardinals ($2100),Parris Campbell ($3900),135.7
Drew Brees ($6800),Alvin Kamara ($7200),Josh Jacobs ($6800),Kenny Golladay ($6200),Julian Edelman ($6000),Preston Williams ($4500),Mark Andrews ($6000),Jets ($2100),N'Keal Harry ($4400),135.7
Drew Brees ($6800),Todd Gurley II ($6100),Antonio Gibson ($4000),Julio Jones ($7700),Davante Adams ($7300),Adam Thielen ($6700),Irv Smith Jr. ($3100),Raiders ($2600),Terry McLaurin ($5600),135.7
Tyrod Taylor ($5600),Dalvin Cook ($7900),Tevin Coleman ($4200),Julio Jones ($7700),Adam Thielen ($6700),DeSean Jackson ($4900),Zach Ertz ($5800),Patriots ($3200),Antonio Gibson ($4000),135.7
Cam Newton ($6100),Christian McCaffrey ($10000),Joe Mixon ($6700),Kenny Golladay ($6200),Marvin Jones Jr. ($5500),Marquise Brown ($5100),Ian Thomas ($3400),Jaguars ($2300),Robby Anderson ($4700),135.7
Tyrod Taylor ($5600),Christian McCaffrey ($10000),Joe Mixon ($6700),A.J. Green ($5700),Terry McLaurin ($5600),Marquise Brown ($5100),Mark Andrews ($6000),Falcons ($2300),Chris Thompson ($3000),135.7
Lamar Jackson ($8100),Alvin Kamara ($7200),Antonio Gibson ($4000),Chris Godwin ($7100),Mike Evans ($6900),T.Y. Hilton ($5800),Jack Doyle ($3600),Chargers ($2800),N'Keal Harry ($4400),135.6
Mitchell Trubisky ($5400),Christian McCaffrey ($10000),Antonio Gibson ($4000),Davante Adams ($7300),Kenny Golladay ($6200),Odell Beckham Jr. ($5900),Irv Smith Jr. ($3100),Patriots ($3200),Allen Lazard ($4900),135.6
Matt Ryan ($6700),Dalvin Cook ($7900),Tarik Cohen ($4900),Adam Thielen ($6700),Odell Beckham Jr. ($5900),Marquise Brown ($5100),Zach Ertz ($5800),Jets ($2100),Allen Lazard ($4900),135.6
Cam Newton ($6100),Christian McCaffrey ($10000),Miles Sanders ($6300),Julian Edelman ($6000),DK Metcalf ($5800),T.Y. Hilton ($5800),Mo Alie-Cox ($2600),Lions ($2700),Preston Williams ($4500),135.6
Cam Newton ($6100),Dalvin Cook ($7900),Alvin Kamara ($7200),Chris Godwin ($7100),Marquise Brown ($5100),Damiere Byrd ($3200),Mike Gesicki ($4500),Chargers ($2800),Todd Gurley II ($6100),135.6
Aaron Rodgers ($6300),Christian McCaffrey ($10000),Dalvin Cook ($7900),Adam Thielen ($6700),Kenny Golladay ($6200),Dontrelle Inman ($3400),Dallas Goedert ($4100),Saints ($2400),Chris Thompson ($3000),135.5
Matt Ryan ($6700),Alvin Kamara ($7200),Josh Jacobs ($6800),Davante Adams ($7300),Adam Thielen ($6700),Tyler Lockett ($6500),Robert Tonyan ($2500),Colts ($3000),Chris Thompson ($3000),135.5
Cam Newton ($6100),Joe Mixon ($6700),Matt Breida ($5000),Davante Adams ($7300),Adam Thielen ($6700),T.Y. Hilton ($5800),Mike Gesicki ($4500),Falcons ($2300),Terry McLaurin ($5600),135.5
Mitchell Trubisky ($5400),Christian McCaffrey ($10000),Tarik Cohen ($4900),Kenny Golladay ($6200),Calvin Ridley ($6100),DeSean Jackson ($4900),Zach Ertz ($5800),Dolphins ($2000),Steven Sims Jr. ($4700),135.5
Tom Brady ($6500),Dalvin Cook ($7900),Tevin Coleman ($4200),Michael Thomas ($9000),Mike Evans ($6900),T.Y. Hilton ($5800),Logan Thomas ($2800),Dolphins ($2000),DeSean Jackson ($4900),135.5
Jimmy Garoppolo ($5800),Christian McCaffrey ($10000),Dalvin Cook ($7900),DJ Moore ($6600),Marquise Brown ($5100),DeSean Jackson ($4900),Irv Smith Jr. ($3100),Dolphins ($2000),Curtis Samuel ($4600),135.5
Lamar Jackson ($8100),Christian McCaffrey ($10000),Ryan Nall ($4000),Adam Thielen ($6700),Kenny Golladay ($6200),Marvin Jones Jr. ($5500),Robert Tonyan ($2500),Jets ($2100),Allen Lazard ($4900),135.5
Matthew Stafford ($6200),Dalvin Cook ($7900),Alvin Kamara ($7200),Davante Adams ($7300),Adam Thielen ($6700),Odell Beckham Jr. ($5900),Logan Thomas ($2800),Raiders ($2600),Cordarrelle Patterson ($3400),135.5
Drew Brees ($6800),Alvin Kamara ($7200),Tarik Cohen ($4900),Michael Thomas ($9000),Kenny Golladay ($6200),T.Y. Hilton ($5800),Dallas Goedert ($4100),Vikings ($2500),Dontrelle Inman ($3400),135.4
Mitchell Trubisky ($5400),Alvin Kamara ($7200),Tevin Coleman ($4200),Michael Thomas ($9000),Mike Evans ($6900),Kenny Golladay ($6200),Irv Smith Jr. ($3100),Seahawks ($2400),Terry McLaurin ($5600),135.4
Lamar Jackson ($8100),Austin Ekeler ($7000),Antonio Gibson ($4000),T.Y. Hilton ($5800),Terry McLaurin ($5600),Christian Kirk ($5000),George Kittle ($7200),Saints ($2400),DeSean Jackson ($4900),135.4
Lamar Jackson ($8100),Christian McCaffrey ($10000),Tevin Coleman ($4200),Odell Beckham Jr. ($5900),T.Y. Hilton ($5800),Christian Kirk ($5000),Mark Andrews ($6000),WAS Football Team ($2000),Chris Thompson ($3000),135.4
Drew Brees ($6800),Christian McCaffrey ($10000),Miles Sanders ($6300),Calvin Ridley ($6100),DeSean Jackson ($4900),Robby Anderson ($4700),Dallas Goedert ($4100),Ravens ($3100),Antonio Gibson ($4000),135.4
Carson Wentz ($6300),Christian McCaffrey ($10000),J.K. Dobbins ($5000),Michael Thomas ($9000),Marquise Brown ($5100),DeSean Jackson ($4900),Chris Herndon ($3300),Colts ($3000),Dontrelle Inman ($3400),135.4
Dwayne Haskins Jr. ($5000),Christian McCaffrey ($10000),Miles Sanders ($6300),Adam Thielen ($6700),Terry McLaurin ($5600),Curtis Samuel ($4600),Mark Andrews ($6000),Seahawks ($2400),Dontrelle Inman ($3400),135.4
Tom Brady ($6500),Christian McCaffrey ($10000),Dalvin Cook ($7900),T.Y. Hilton ($5800),Marquise Brown ($5100),Bryan Edwards ($4200),Ian Thomas ($3400),Jets ($2100),J.K. Dobbins ($5000),135.4
Dwayne Haskins Jr. ($5000),Dalvin Cook ($7900),Joe Mixon ($6700),Davante Adams ($7300),DK Metcalf ($5800),Marquise Brown ($5100),Zach Ertz ($5800),Saints ($2400),Antonio Gibson ($4000),135.4
Matt Ryan ($6700),Ryan Nall ($4000),Antonio Gibson ($4000),Michael Thomas ($9000),Calvin Ridley ($6100),Terry McLaurin ($5600),Mark Andrews ($6000),Bills ($3700),DeSean Jackson ($4900),135.3
Lamar Jackson ($8100),Dalvin Cook ($7900),Boston Scott ($4800),Tyler Lockett ($6500),Calvin Ridley ($6100),DK Metcalf ($5800),Irv Smith Jr. ($3100),Lions ($2700),DeSean Jackson ($4900),135.3
Carson Wentz ($6300),Alvin Kamara ($7200),Josh Jacobs ($6800),Michael Thomas ($9000),Mike Evans ($6900),Marquise Brown ($5100),Logan Thomas ($2800),Lions ($2700),Damiere Byrd ($3200),135.3
Tom Brady ($6500),Josh Jacobs ($6800),Antonio Gibson ($4000),Mike Evans ($6900),Tyler Lockett ($6500),Odell Beckham Jr. ($5900),Zach Ertz ($5800),Dolphins ($2000),Terry McLaurin ($5600),135.3
Lamar Jackson ($8100),Alvin Kamara ($7200),Josh Jacobs ($6800),DJ Moore ($6600),Terry McLaurin ($5600),Henry Ruggs III ($5100),Ian Thomas ($3400),Jaguars ($2300),DeSean Jackson ($4900),135.3
Lamar Jackson ($8100),Chris Carson ($6200),Todd Gurley II ($6100),Michael Thomas ($9000),Kenny Golladay ($6200),T.Y. Hilton ($5800),Mo Alie-Cox ($2600),WAS Football Team ($2000),Parris Campbell ($3900),135.3
Tyrod Taylor ($5600),Joe Mixon ($6700),Miles Sanders ($6300),Tyler Lockett ($6500),Calvin Ridley ($6100),T.Y. Hilton ($5800),Hayden Hurst ($4300),Patriots ($3200),Marvin Jones Jr. ($5500),135.3
Mitchell Trubisky ($5400),Miles Sanders ($6300),J.K. Dobbins ($5000),Davante Adams ($7300),Kenny Golladay ($6200),Jarvis Landry ($5900),Mark Andrews ($6000),Jets ($2100),T.Y. Hilton ($5800),135.3
Drew Brees ($6800),Ronald Jones II ($5200),Antonio Gibson ($4000),Michael Thomas ($9000),Davante Adams ($7300),T.Y. Hilton ($5800),Mark Andrews ($6000),Dolphins ($2000),Parris Campbell ($3900),135.3
Matt Ryan ($6700),Josh Jacobs ($6800),Chris Carson ($6200),Julio Jones ($7700),Calvin Ridley ($6100),Marquise Brown ($5100),Mark Andrews ($6000),Dolphins ($2000),Dontrelle Inman ($3400),135.2
Aaron Rodgers ($6300),Christian McCaffrey ($10000),Alvin Kamara ($7200),Adam Thielen ($6700),T.Y. Hilton ($5800),Robby Anderson ($4700),Robert Tonyan ($2500),Seahawks ($2400),N'Keal Harry ($4400),135.2
Josh Allen ($6500),Christian McCaffrey ($10000),Todd Gurley II ($6100),Kenny Golladay ($6200),T.Y. Hilton ($5800),Curtis Samuel ($4600),Chris Herndon ($3300),Patriots ($3200),Bryan Edwards ($4200),135.2
Tom Brady ($6500),Josh Jacobs ($6800),Ronald Jones II ($5200),Mike Evans ($6900),Adam Thielen ($6700),DK Metcalf ($5800),Irv Smith Jr. ($3100),Patriots ($3200),T.Y. Hilton ($5800),135.2
Aaron Rodgers ($6300),Alvin Kamara ($7200),Josh Jacobs ($6800),Michael Thomas ($9000),Davante Adams ($7300),Allen Lazard ($4900),Irv Smith Jr. ($3100),Dolphins ($2000),Dontrelle Inman ($3400),135.2
Drew Brees ($6800),Christian McCaffrey ($10000),Dalvin Cook ($7900),Christian Kirk ($5000),DeSean Jackson ($4900),Larry Fitzgerald ($4500),Zach Ertz ($5800),Jets ($2100),Chris Thompson ($3000),135.2
Kirk Cousins ($5700),Christian McCaffrey ($10000),J.K. Dobbins ($5000),Davante Adams ($7300),Adam Thielen ($6700),Terry McLaurin ($5600),Logan Thomas ($2800),Jets ($2100),Robby Anderson ($4700),135.2
Drew Brees ($6800),Alvin Kamara ($7200),Joe Mixon ($6700),Chris Godwin ($7100),Tyler Lockett ($6500),DK Metcalf ($5800),Chris Herndon ($3300),Eagles ($3600),Chris Thompson ($3000),135.1
Cam Newton ($6100),Alvin Kamara ($7200),Chris Carson ($6200),Julio Jones ($7700),Kenny Golladay ($6200),DK Metcalf ($5800),Hayden Hurst ($4300),Cardinals ($2100),N'Keal Harry ($4400),135.1
Tom Brady ($6500),Miles Sanders ($6300),J.K. Dobbins ($5000),Michael Thomas ($9000),Odell Beckham Jr. ($5900),Terry McLaurin ($5600),Mark Andrews ($6000),Raiders ($2600),Chris Thompson ($3000),135.1
Drew Brees ($6800),Alvin Kamara ($7200),Ronald Jones II ($5200),Julio Jones ($7700),Tyler Lockett ($6500),Marquise Brown ($5100),Mike Gesicki ($4500),Jets ($2100),DeSean Jackson ($4900),135.1
Carson Wentz ($6300),Austin Ekeler ($7000),Joe Mixon ($6700),Mike Evans ($6900),T.Y. Hilton ($5800),Terry McLaurin ($5600),Dallas Goedert ($4100),Seahawks ($2400),Marquise Brown ($5100),135.1
Lamar Jackson ($8100),Miles Sanders ($6300),Ronald Jones II ($5200),Michael Thomas ($9000),Mike Evans ($6900),Terry McLaurin ($5600),Ian Thomas ($3400),Cardinals ($2100),Dontrelle Inman ($3400),135.1
Lamar Jackson ($8100),Alvin Kamara ($7200),Austin Ekeler ($7000),Julian Edelman ($6000),Terry McLaurin ($5600),N'Keal Harry ($4400),Zach Ertz ($5800),Raiders ($2600),Damiere Byrd ($3200),135
Cam Newton ($6100),Dalvin Cook ($7900),Josh Jacobs ($6800),Michael Thomas ($9000),Davante Adams ($7300),N'Keal Harry ($4400),Robert Tonyan ($2500),Cardinals ($2100),Parris Campbell ($3900),135
Lamar Jackson ($8100),Alvin Kamara ($7200),Josh Jacobs ($6800),Marvin Jones Jr. ($5500),Marquise Brown ($5100),Cordarrelle Patterson ($3400),Mark Andrews ($6000),Bills ($3700),Tevin Coleman ($4200),135
Cam Newton ($6100),Dalvin Cook ($7900),Kerryon Johnson ($4400),Davante Adams ($7300),Kenny Golladay ($6200),DK Metcalf ($5800),T.J. Hockenson ($4200),Raiders ($2600),Marvin Jones Jr. ($5500),135
Kirk Cousins ($5700),Austin Ekeler ($7000),Antonio Gibson ($4000),Michael Thomas ($9000),Davante Adams ($7300),Adam Thielen ($6700),Chris Herndon ($3300),Cardinals ($2100),DeSean Jackson ($4900),135
Cam Newton ($6100),Christian McCaffrey ($10000),Alvin Kamara ($7200),Julian Edelman ($6000),DeVante Parker ($6000),Dontrelle Inman ($3400),Zach Ertz ($5800),Jaguars ($2300),Chris Thompson ($3000),134.9
Drew Brees ($6800),Miles Sanders ($6300),Tevin Coleman ($4200),Michael Thomas ($9000),Davante Adams ($7300),Chris Godwin ($7100),Irv Smith Jr. ($3100),Patriots ($3200),Chris Thompson ($3000),134.9
Mitchell Trubisky ($5400),Alvin Kamara ($7200),Todd Gurley II ($6100),Chris Godwin ($7100),Tyler Lockett ($6500),Kenny Golladay ($6200),Mark Andrews ($6000),Dolphins ($2000),Cordarrelle Patterson ($3400),134.9
Cam Newton ($6100),Alvin Kamara ($7200),Joe Mixon ($6700),Chris Godwin ($7100),Mike Evans ($6900),Odell Beckham Jr. ($5900),Irv Smith Jr. ($3100),Jets ($2100),Allen Lazard ($4900),134.9
Drew Brees ($6800),Alvin Kamara ($7200),Miles Sanders ($6300),Odell Beckham Jr. ($5900),Terry McLaurin ($5600),Allen Lazard ($4900),Zach Ertz ($5800),Jaguars ($2300),Ronald Jones II ($5200),134.9
Matt Ryan ($6700),Miles Sanders ($6300),Antonio Gibson ($4000),Julio Jones ($7700),Kenny Golladay ($6200),DK Metcalf ($5800),Zach Ertz ($5800),Chargers ($2800),Robby Anderson ($4700),134.9
Lamar Jackson ($8100),Alvin Kamara ($7200),Kerryon Johnson ($4400),Michael Thomas ($9000),Calvin Ridley ($6100),Marquise Brown ($5100),O.J. Howard ($3700),WAS Football Team ($2000),N'Keal Harry ($4400),134.9
Lamar Jackson ($8100),Alvin Kamara ($7200),Todd Gurley II ($6100),Mike Evans ($6900),Jarvis Landry ($5900),Marquise Brown ($5100),Tyler Eifert ($3300),Vikings ($2500),DeSean Jackson ($4900),134.9
Jimmy Garoppolo ($5800),Christian McCaffrey ($10000),Joe Mixon ($6700),DK Metcalf ($5800),Terry McLaurin ($5600),DeSean Jackson ($4900),Ian Thomas ($3400),Colts ($3000),Steven Sims Jr. ($4700),134.9
Tyrod Taylor ($5600),Austin Ekeler ($7000),Miles Sanders ($6300),Kenny Golladay ($6200),Odell Beckham Jr. ($5900),Marvin Jones Jr. ($5500),Mark Andrews ($6000),Saints ($2400),Marquise Brown ($5100),134.9
Matthew Stafford ($6200),Christian McCaffrey ($10000),Alvin Kamara ($7200),Terry McLaurin ($5600),Marvin Jones Jr. ($5500),Parris Campbell ($3900),Zach Ertz ($5800),Falcons ($2300),Cordarrelle Patterson ($3400),134.8
Matt Ryan ($6700),Alvin Kamara ($7200),Tarik Cohen ($4900),Julio Jones ($7700),Adam Thielen ($6700),DK Metcalf ($5800),Chris Herndon ($3300),Patriots ($3200),Kerryon Johnson ($4400),134.8
Lamar Jackson ($8100),Christian McCaffrey ($10000),Dalvin Cook ($7900),Terry McLaurin ($5600),Steven Sims Jr. ($4700),Cordarrelle Patterson ($3400),T.J. Hockenson ($4200),Jets ($2100),Antonio Gibson ($4000),134.8
Russell Wilson ($7000),Alvin Kamara ($7200),Tevin Coleman ($4200),Julio Jones ($7700),Davante Adams ($7300),DK Metcalf ($5800),O.J. Howard ($3700),Dolphins ($2000),Marquise Brown ($5100),134.8
Matt Ryan ($6700),Alvin Kamara ($7200),J.K. Dobbins ($5000),Davante Adams ($7300),Calvin Ridley ($6100),Odell Beckham Jr. ($5900),Hayden Hurst ($4300),Dolphins ($2000),Marvin Jones Jr. ($5500),134.8
Carson Wentz ($6300),Josh Jacobs ($6800),Todd Gurley II ($6100),Chris Godwin ($7100),Mike Evans ($6900),DeSean Jackson ($4900),Zach Ertz ($5800),Jets ($2100),Parris Campbell ($3900),134.8
Jimmy Garoppolo ($5800),Tarik Cohen ($4900),Kerryon Johnson ($4400),Michael Thomas ($9000),Davante Adams ($7300),Terry McLaurin ($5600),Zach Ertz ($5800),Falcons ($2300),DeSean Jackson ($4900),134.8
Mitchell Trubisky ($5400),Christian McCaffrey ($10000),Dalvin Cook ($7900),Kenny Golladay ($6200),DK Metcalf ($5800),Marquise Brown ($5100),Robert Tonyan ($2500),Bills ($3700),Cordarrelle Patterson ($3400),134.8
Lamar Jackson ($8100),Christian McCaffrey ($10000),Tevin Coleman ($4200),Adam Thielen ($6700),DK Metcalf ($5800),Marquise Brown ($5100),Irv Smith Jr. ($3100),Chargers ($2800),Marquez Valdes-Scantling ($4100),134.7
Tom Brady ($6500),Alvin Kamara ($7200),Joe Mixon ($6700),Mike Evans ($6900),Tyler Lockett ($6500),T.Y. Hilton ($5800),Tyler Eifert ($3300),Bills ($3700),Dontrelle Inman ($3400),134.7
Jimmy Garoppolo ($5800),Miles Sanders ($6300),Todd Gurley II ($6100),Odell Beckham Jr. ($5900),T.Y. Hilton ($5800),Marquise Brown ($5100),George Kittle ($7200),Chargers ($2800),J.K. Dobbins ($5000),134.7
Russell Wilson ($7000),Josh Jacobs ($6800),Tarik Cohen ($4900),Julio Jones ($7700),Davante Adams ($7300),Calvin Ridley ($6100),Irv Smith Jr. ($3100),Jets ($2100),DeSean Jackson ($4900),134.7
Lamar Jackson ($8100),Dalvin Cook ($7900),Josh Jacobs ($6800),Adam Thielen ($6700),DeVante Parker ($6000),Terry McLaurin ($5600),Irv Smith Jr. ($3100),Seahawks ($2400),Damiere Byrd ($3200),134.7
Philip Rivers ($6000),Christian McCaffrey ($10000),Josh Jacobs ($6800),Davante Adams ($7300),Terry McLaurin ($5600),Parris Campbell ($3900),Jack Doyle ($3600),Chargers ($2800),Antonio Gibson ($4000),134.7
Carson Wentz ($6300),Dalvin Cook ($7900),Antonio Gibson ($4000),Julio Jones ($7700),Tyler Lockett ($6500),Calvin Ridley ($6100),Chris Herndon ($3300),Saints ($2400),T.Y. Hilton ($5800),134.7
Lamar Jackson ($8100),Austin Ekeler ($7000),Tevin Coleman ($4200),Davante Adams ($7300),Marquise Brown ($5100),DeSean Jackson ($4900),Zach Ertz ($5800),Lions ($2700),Steven Sims Jr. ($4700),134.7
Drew Brees ($6800),Christian McCaffrey ($10000),Alvin Kamara ($7200),Mike Evans ($6900),T.Y. Hilton ($5800),Preston Williams ($4500),Chris Herndon ($3300),Falcons ($2300),Damiere Byrd ($3200),134.7
Russell Wilson ($7000),Christian McCaffrey ($10000),Tarik Cohen ($4900),DK Metcalf ($5800),T.Y. Hilton ($5800),Terry McLaurin ($5600),Hayden Hurst ($4300),Jets ($2100),Kerryon Johnson ($4400),134.7
Dwayne Haskins Jr. ($5000),Christian McCaffrey ($10000),Alvin Kamara ($7200),DK Metcalf ($5800),A.J. Green ($5700),Dontrelle Inman ($3400),Dallas Goedert ($4100),Jets ($2100),Joe Mixon ($6700),134.7
Carson Wentz ($6300),Dalvin Cook ($7900),Chris Carson ($6200),Adam Thielen ($6700),Tyler Lockett ($6500),Terry McLaurin ($5600),Dallas Goedert ($4100),Lions ($2700),Parris Campbell ($3900),134.7
Lamar Jackson ($8100),Alvin Kamara ($7200),Josh Jacobs ($6800),Odell Beckham Jr. ($5900),Larry Fitzgerald ($4500),N'Keal Harry ($4400),George Kittle ($7200),Lions ($2700),Chris Thompson ($3000),134.6
Josh Allen ($6500),Christian McCaffrey ($10000),Alvin Kamara ($7200),Davante Adams ($7300),Jamison Crowder ($5200),Christian Kirk ($5000),Chris Herndon ($3300),Seahawks ($2400),Chris Thompson ($3000),134.6
Lamar Jackson ($8100),Dalvin Cook ($7900),Josh Jacobs ($6800),Mike Evans ($6900),Marquise Brown ($5100),Allen Lazard ($4900),Chris Herndon ($3300),Dolphins ($2000),J.K. Dobbins ($5000),134.6
Lamar Jackson ($8100),Alvin Kamara ($7200),Miles Sanders ($6300),DeVante Parker ($6000),Marquise Brown ($5100),Preston Williams ($4500),George Kittle ($7200),Jaguars ($2300),Damiere Byrd ($3200),134.6
Cam Newton ($6100),Christian McCaffrey ($10000),Todd Gurley II ($6100),Davante Adams ($7300),Calvin Ridley ($6100),Robby Anderson ($4700),Irv Smith Jr. ($3100),WAS Football Team ($2000),Curtis Samuel ($4600),134.6
Tom Brady ($6500),Alvin Kamara ($7200),Josh Jacobs ($6800),Calvin Ridley ($6100),DK Metcalf ($5800),Preston Williams ($4500),Hayden Hurst ($4300),WAS Football Team ($2000),Joe Mixon ($6700),134.6
Tyrod Taylor ($5600),Austin Ekeler ($7000),Josh Jacobs ($6800),Michael Thomas ($9000),Odell Beckham Jr. ($5900),Terry McLaurin ($5600),Logan Thomas ($2800),Seahawks ($2400),DeSean Jackson ($4900),134.6
Tom Brady ($6500),Josh Jacobs ($6800),Mark Ingram II ($5500),Adam Thielen ($6700),Jarvis Landry ($5900),Terry McLaurin ($5600),Mark Andrews ($6000),Jets ($2100),DeSean Jackson ($4900),134.6
Matt Ryan ($6700),Miles Sanders ($6300),Ronald Jones II ($5200),Michael Thomas ($9000),Chris Godwin ($7100),Marquise Brown ($5100),Logan Thomas ($2800),Chargers ($2800),DeSean Jackson ($4900),134.6
Carson Wentz ($6300),Alvin Kamara ($7200),Chris Carson ($6200),Chris Godwin ($7100),T.Y. Hilton ($5800),Terry McLaurin ($5600),Ian Thomas ($3400),Bills ($3700),Steven Sims Jr. ($4700),134.6
Matt Ryan ($6700),Dalvin Cook ($7900),Antonio Gibson ($4000),Adam Thielen ($6700),Terry McLaurin ($5600),Marvin Jones Jr. ($5500),George Kittle ($7200),Colts ($3000),Dontrelle Inman ($3400),134.6
Tom Brady ($6500),Alvin Kamara ($7200),Miles Sanders ($6300),Adam Thielen ($6700),Tyler Lockett ($6500),DK Metcalf ($5800),O.J. Howard ($3700),Lions ($2700),Curtis Samuel ($4600),134.6
Carson Wentz ($6300),Alvin Kamara ($7200),Ronald Jones II ($5200),Davante Adams ($7300),Chris Godwin ($7100),Marquise Brown ($5100),Dallas Goedert ($4100),Raiders ($2600),Tarik Cohen ($4900),134.6
Drew Brees ($6800),Austin Ekeler ($7000),Ryan Nall ($4000),Mike Evans ($6900),DK Metcalf ($5800),Terry McLaurin ($5600),Zach Ertz ($5800),Patriots ($3200),DeSean Jackson ($4900),134.5
Philip Rivers ($6000),Alvin Kamara ($7200),Tevin Coleman ($4200),Davante Adams ($7300),Adam Thielen ($6700),T.Y. Hilton ($5800),Mark Andrews ($6000),Chargers ($2800),Chris Conley ($4000),134.5
Lamar Jackson ($8100),Christian McCaffrey ($10000),Josh Jacobs ($6800),Adam Thielen ($6700),Odell Beckham Jr. ($5900),Chris Conley ($4000),Mo Alie-Cox ($2600),Dolphins ($2000),Parris Campbell ($3900),134.5
Jimmy Garoppolo ($5800),Dalvin Cook ($7900),Austin Ekeler ($7000),Davante Adams ($7300),Adam Thielen ($6700),Marquise Brown ($5100),Mo Alie-Cox ($2600),Bills ($3700),Parris Campbell ($3900),134.5
Cam Newton ($6100),Christian McCaffrey ($10000),Austin Ekeler ($7000),Calvin Ridley ($6100),Preston Williams ($4500),Chris Thompson ($3000),Mike Gesicki ($4500),Jets ($2100),Joe Mixon ($6700),134.5
Tom Brady ($6500),Alvin Kamara ($7200),Ryan Nall ($4000),Chris Godwin ($7100),Tyler Lockett ($6500),Calvin Ridley ($6100),T.J. Hockenson ($4200),Chargers ($2800),Terry McLaurin ($5600),134.5
Tyrod Taylor ($5600),Alvin Kamara ($7200),Austin Ekeler ($7000),Davante Adams ($7300),Mike Evans ($6900),T.Y. Hilton ($5800),Robert Tonyan ($2500),Dolphins ($2000),A.J. Green ($5700),134.5
Matthew Stafford ($6200),Dalvin Cook ($7900),Todd Gurley II ($6100),Allen Robinson II ($6500),Kenny Golladay ($6200),Marquise Brown ($5100),Mark Andrews ($6000),Raiders ($2600),Dontrelle Inman ($3400),134.5
Drew Brees ($6800),Dalvin Cook ($7900),Alvin Kamara ($7200),Julio Jones ($7700),Kenny Golladay ($6200),Marvin Jones Jr. ($5500),Chris Herndon ($3300),WAS Football Team ($2000),Cordarrelle Patterson ($3400),134.5
Jimmy Garoppolo ($5800),Joe Mixon ($6700),Mark Ingram II ($5500),Mike Evans ($6900),Calvin Ridley ($6100),DK Metcalf ($5800),Mark Andrews ($6000),Jets ($2100),Marquise Brown ($5100),134.4
Matt Ryan ($6700),Austin Ekeler ($7000),Chris Carson ($6200),Calvin Ridley ($6100),DK Metcalf ($5800),T.Y. Hilton ($5800),Jack Doyle ($3600),Ravens ($3100),Terry McLaurin ($5600),134.4
Cam Newton ($6100),Miles Sanders ($6300),James White ($6000),Davante Adams ($7300),Kenny Golladay ($6200),Julian Edelman ($6000),Dallas Goedert ($4100),Seahawks ($2400),Terry McLaurin ($5600),134.4
Drew Brees ($6800),Alvin Kamara ($7200),Mark Ingram II ($5500),Kenny Golladay ($6200),Calvin Ridley ($6100),Odell Beckham Jr. ($5900),Jack Doyle ($3600),Eagles ($3600),Marquise Brown ($5100),134.4
Cam Newton ($6100),Austin Ekeler ($7000),Todd Gurley II ($6100),Davante Adams ($7300),Adam Thielen ($6700),Kenny Golladay ($6200),Robert Tonyan ($2500),Eagles ($3600),Preston Williams ($4500),134.4
Josh Allen ($6500),Dalvin Cook ($7900),Alvin Kamara ($7200),Michael Thomas ($9000),Terry McLaurin ($5600),Steven Sims Jr. ($4700),Logan Thomas ($2800),Colts ($3000),Chris Thompson ($3000),134.4
Lamar Jackson ($8100),Chris Carson ($6200),Todd Gurley II ($6100),Odell Beckham Jr. ($5900),Terry McLaurin ($5600),Marvin Jones Jr. ($5500),Mark Andrews ($6000),Cardinals ($2100),N'Keal Harry ($4400),134.4
Lamar Jackson ($8100),Austin Ekeler ($7000),Joe Mixon ($6700),Tyler Lockett ($6500),Marquise Brown ($5100),Robby Anderson ($4700),Mark Andrews ($6000),Dolphins ($2000),Parris Campbell ($3900),134.4
Lamar Jackson ($8100),Joe Mixon ($6700),Todd Gurley II ($6100),Adam Thielen ($6700),Allen Robinson II ($6500),Kenny Golladay ($6200),Irv Smith Jr. ($3100),Patriots ($3200),Cordarrelle Patterson ($3400),134.4
Matthew Stafford ($6200),Christian McCaffrey ($10000),Todd Gurley II ($6100),Calvin Ridley ($6100),DK Metcalf ($5800),DeSean Jackson ($4900),T.J. Hockenson ($4200),Patriots ($3200),Cordarrelle Patterson ($3400),134.4
Lamar Jackson ($8100),Dalvin Cook ($7900),Matt Breida ($5000),Davante Adams ($7300),DeVante Parker ($6000),T.Y. Hilton ($5800),Chris Herndon ($3300),Cardinals ($2100),Preston Williams ($4500),134.4
Matt Ryan ($6700),Alvin Kamara ($7200),Josh Jacobs ($6800),DeVante Parker ($6000),DK Metcalf ($5800),T.Y. Hilton ($5800),Mike Gesicki ($4500),Jets ($2100),Matt Breida ($5000),134.3
Lamar Jackson ($8100),Christian McCaffrey ($10000),Alvin Kamara ($7200),DK Metcalf ($5800),Henry Ruggs III ($5100),Curtis Samuel ($4600),Tyler Eifert ($3300),WAS Football Team ($2000),Parris Campbell ($3900),134.3
Josh Allen ($6500),Joe Mixon ($6700),Kerryon Johnson ($4400),Julio Jones ($7700),Calvin Ridley ($6100),DK Metcalf ($5800),Zach Ertz ($5800),Cardinals ($2100),DeSean Jackson ($4900),134.3
Russell Wilson ($7000),Dalvin Cook ($7900),Miles Sanders ($6300),Davante Adams ($7300),Tyler Lockett ($6500),Odell Beckham Jr. ($5900),Robert Tonyan ($2500),Jets ($2100),Preston Williams ($4500),134.3
Mitchell Trubisky ($5400),Alvin Kamara ($7200),Josh Jacobs ($6800),Michael Thomas ($9000),Marvin Jones Jr. ($5500),Anthony Miller ($5000),Dallas Goedert ($4100),Jets ($2100),DeSean Jackson ($4900),134.3
Cam Newton ($6100),Christian McCaffrey ($10000),Josh Jacobs ($6800),DK Metcalf ($5800),DeSean Jackson ($4900),Curtis Samuel ($4600),Mike Gesicki ($4500),Chargers ($2800),N'Keal Harry ($4400),134.3
Philip Rivers ($6000),Christian McCaffrey ($10000),Miles Sanders ($6300),Tyler Lockett ($6500),T.Y. Hilton ($5800),Marquise Brown ($5100),Jack Doyle ($3600),Cardinals ($2100),Curtis Samuel ($4600),134.3
Jimmy Garoppolo ($5800),Alvin Kamara ($7200),Chris Carson ($6200),Davante Adams ($7300),Mike Evans ($6900),Adam Thielen ($6700),Irv Smith Jr. ($3100),Jaguars ($2300),N'Keal Harry ($4400),134.3
Carson Wentz ($6300),Christian McCaffrey ($10000),Tevin Coleman ($4200),Davante Adams ($7300),DK Metcalf ($5800),DeSean Jackson ($4900),Dallas Goedert ($4100),Saints ($2400),Allen Lazard ($4900),134.3
Tyrod Taylor ($5600),Christian McCaffrey ($10000),Alvin Kamara ($7200),Odell Beckham Jr. ($5900),Marquise Brown ($5100),N'Keal Harry ($4400),Mike Gesicki ($4500),Jaguars ($2300),J.K. Dobbins ($5000),134.2
Carson Wentz ($6300),Miles Sanders ($6300),Todd Gurley II ($6100),DJ Moore ($6600),Marquise Brown ($5100),DeSean Jackson ($4900),Mark Andrews ($6000),Patriots ($3200),Mark Ingram II ($5500),134.2
Cam Newton ($6100),Dalvin Cook ($7900),Todd Gurley II ($6100),Adam Thielen ($6700),Julian Edelman ($6000),Marvin Jones Jr. ($5500),Irv Smith Jr. ($3100),Bills ($3700),DeSean Jackson ($4900),134.2
Josh Allen ($6500),Alvin Kamara ($7200),J.K. Dobbins ($5000),Julio Jones ($7700),Tyler Lockett ($6500),Calvin Ridley ($6100),Mark Andrews ($6000),WAS Football Team ($2000),Chris Thompson ($3000),134.2
Tom Brady ($6500),Joe Mixon ($6700),Miles Sanders ($6300),Chris Godwin ($7100),Julian Edelman ($6000),DeSean Jackson ($4900),Zach Ertz ($5800),Raiders ($2600),Antonio Gibson ($4000),134.2
Jimmy Garoppolo ($5800),Dalvin Cook ($7900),J.K. Dobbins ($5000),Adam Thielen ($6700),Kenny Golladay ($6200),Odell Beckham Jr. ($5900),Irv Smith Jr. ($3100),Eagles ($3600),DK Metcalf ($5800),134.2
Kirk Cousins ($5700),Dalvin Cook ($7900),Joe Mixon ($6700),Michael Thomas ($9000),Mike Evans ($6900),Marquise Brown ($5100),Robert Tonyan ($2500),Patriots ($3200),Chris Thompson ($3000),134.2
Drew Brees ($6800),Alvin Kamara ($7200),Tevin Coleman ($4200),Michael Thomas ($9000),Adam Thielen ($6700),DK Metcalf ($5800),Ian Thomas ($3400),WAS Football Team ($2000),Allen Lazard ($4900),134.2
Jimmy Garoppolo ($5800),Alvin Kamara ($7200),Todd Gurley II ($6100),Mike Evans ($6900),T.Y. Hilton ($5800),Christian Kirk ($5000),Mark Andrews ($6000),Lions ($2700),Larry Fitzgerald ($4500),134.1
Philip Rivers ($6000),Christian McCaffrey ($10000),Mark Ingram II ($5500),Kenny Golladay ($6200),Odell Beckham Jr. ($5900),T.Y. Hilton ($5800),Mo Alie-Cox ($2600),Seahawks ($2400),Terry McLaurin ($5600),134.1
Lamar Jackson ($8100),J.K. Dobbins ($5000),Antonio Gibson ($4000),Michael Thomas ($9000),Davante Adams ($7300),DeVante Parker ($6000),Logan Thomas ($2800),Raiders ($2600),Marquise Brown ($5100),134.1
Matt Ryan ($6700),Miles Sanders ($6300),Chris Carson ($6200),Davante Adams ($7300),Adam Thielen ($6700),Calvin Ridley ($6100),Ian Thomas ($3400),Saints ($2400),Allen Lazard ($4900),134.1
Tom Brady ($6500),Christian McCaffrey ($10000),Alvin Kamara ($7200),DJ Moore ($6600),Marquise Brown ($5100),Hunter Renfrow ($4500),Chris Herndon ($3300),Chargers ($2800),Antonio Gibson ($4000),134.1
Tyrod Taylor ($5600),Christian McCaffrey ($10000),Miles Sanders ($6300),Chris Godwin ($7100),T.Y. Hilton ($5800),Henry Ruggs III ($5100),Tyler Eifert ($3300),Jets ($2100),Robby Anderson ($4700),134.1
Tyrod Taylor ($5600),Austin Ekeler ($7000),Todd Gurley II ($6100),Julio Jones ($7700),Tyler Lockett ($6500),Calvin Ridley ($6100),Tyler Eifert ($3300),Jets ($2100),Terry McLaurin ($5600),134.1
Cam Newton ($6100),Alvin Kamara ($7200),Matt Breida ($5000),Adam Thielen ($6700),Allen Robinson II ($6500),Kenny Golladay ($6200),T.J. Hockenson ($4200),Colts ($3000),Marquise Brown ($5100),134.1
Gardner Minshew II ($5800),Alvin Kamara ($7200),Todd Gurley II ($6100),Julio Jones ($7700),T.Y. Hilton ($5800),Parris Campbell ($3900),Zach Ertz ($5800),Bills ($3700),Antonio Gibson ($4000),134.1
Carson Wentz ($6300),Dalvin Cook ($7900),Todd Gurley II ($6100),Michael Thomas ($9000),Adam Thielen ($6700),N'Keal Harry ($4400),Logan Thomas ($2800),Chargers ($2800),Antonio Gibson ($4000),134.1
Tom Brady ($6500),Dalvin Cook ($7900),Ryan Nall ($4000),Davante Adams ($7300),Chris Godwin ($7100),Odell Beckham Jr. ($5900),Irv Smith Jr. ($3100),Seahawks ($2400),T.Y. Hilton ($5800),134.1
Aaron Rodgers ($6300),Alvin Kamara ($7200),Miles Sanders ($6300),Davante Adams ($7300),Adam Thielen ($6700),Julian Edelman ($6000),Jack Doyle ($3600),Cardinals ($2100),Preston Williams ($4500),134
Tyrod Taylor ($5600),Dalvin Cook ($7900),Alvin Kamara ($7200),Michael Thomas ($9000),T.Y. Hilton ($5800),Marvin Jones Jr. ($5500),Mo Alie-Cox ($2600),Seahawks ($2400),Chris Conley ($4000),134
Kirk Cousins ($5700),Dalvin Cook ($7900),Matt Breida ($5000),Adam Thielen ($6700),DK Metcalf ($5800),T.Y. Hilton ($5800),Zach Ertz ($5800),Lions ($2700),N'Keal Harry ($4400),134
Josh Allen ($6500),Josh Jacobs ($6800),Joe Mixon ($6700),Allen Robinson II ($6500),Kenny Golladay ($6200),Marvin Jones Jr. ($5500),Chris Herndon ($3300),Dolphins ($2000),Miles Sanders ($6300),134
Lamar Jackson ($8100),Dalvin Cook ($7900),Chris Thompson ($4000),Michael Thomas ($9000),Odell Beckham Jr. ($5900),Marquise Brown ($5100),Ian Thomas ($3400),Lions ($2700),Parris Campbell ($3900),134
Josh Allen ($6500),Christian McCaffrey ($10000),Miles Sanders ($6300),Terry McLaurin ($5600),Jamison Crowder ($5200),Marquise Brown ($5100),Ian Thomas ($3400),Chargers ($2800),Henry Ruggs III ($5100),134
Cam Newton ($6100),Todd Gurley II ($6100),Matt Breida ($5000),Michael Thomas ($9000),T.Y. Hilton ($5800),DeSean Jackson ($4900),Zach Ertz ($5800),Raiders ($2600),Steven Sims Jr. ($4700),134
Tyrod Taylor ($5600),Dalvin Cook ($7900),Josh Jacobs ($6800),Adam Thielen ($6700),DK Metcalf ($5800),Christian Kirk ($5000),George Kittle ($7200),WAS Football Team ($2000),Chris Thompson ($3000),134
Russell Wilson ($7000),Miles Sanders ($6300),Mark Ingram II ($5500),Michael Thomas ($9000),Odell Beckham Jr. ($5900),Marquise Brown ($5100),Zach Ertz ($5800),Dolphins ($2000),Dontrelle Inman ($3400),134
Kirk Cousins ($5700),Dalvin Cook ($7900),Tarik Cohen ($4900),Davante Adams ($7300),Calvin Ridley ($6100),Odell Beckham Jr. ($5900),Dallas Goedert ($4100),Saints ($2400),Terry McLaurin ($5600),134
Lamar Jackson ($8100),Dalvin Cook ($7900),Miles Sanders ($6300),Davante Adams ($7300),Robby Anderson ($4700),Curtis Samuel ($4600),Ian Thomas ($3400),Bills ($3700),Antonio Gibson ($4000),133.9
Philip Rivers ($6000),Christian McCaffrey ($10000),Tarik Cohen ($4900),Adam Thielen ($6700),Calvin Ridley ($6100),T.Y. Hilton ($5800),Tyler Eifert ($3300),Patriots ($3200),Ryan Nall ($4000),133.9
Lamar Jackson ($8100),Christian McCaffrey ($10000),Joe Mixon ($6700),Julian Edelman ($6000),Marquise Brown ($5100),N'Keal Harry ($4400),Mo Alie-Cox ($2600),Jets ($2100),Matt Breida ($5000),133.9
Drew Brees ($6800),Christian McCaffrey ($10000),Chris Carson ($6200),Tyler Lockett ($6500),Terry McLaurin ($5600),DeSean Jackson ($4900),Hayden Hurst ($4300),Jaguars ($2300),Dontrelle Inman ($3400),133.9
Lamar Jackson ($8100),Dalvin Cook ($7900),Tevin Coleman ($4200),Davante Adams ($7300),Adam Thielen ($6700),Marvin Jones Jr. ($5500),Tyler Eifert ($3300),Dolphins ($2000),Anthony Miller ($5000),133.9
Matt Ryan ($6700),Josh Jacobs ($6800),Ronald Jones II ($5200),Chris Godwin ($7100),Tyler Lockett ($6500),Kenny Golladay ($6200),Chris Herndon ($3300),Cardinals ($2100),Calvin Ridley ($6100),133.9
Tyrod Taylor ($5600),Christian McCaffrey ($10000),Joe Mixon ($6700),DeSean Jackson ($4900),Preston Williams ($4500),Dontrelle Inman ($3400),George Kittle ($7200),Bills ($3700),Antonio Gibson ($4000),133.8
Russell Wilson ($7000),Miles Sanders ($6300),Kerryon Johnson ($4400),Julio Jones ($7700),Kenny Golladay ($6200),Calvin Ridley ($6100),Tyler Eifert ($3300),Ravens ($3100),T.Y. Hilton ($5800),133.8
Gardner Minshew II ($5800),Christian McCaffrey ($10000),Chris Carson ($6200),T.Y. Hilton ($5800),Marvin Jones Jr. ($5500),DeSean Jackson ($4900),Jack Doyle ($3600),Dolphins ($2000),Todd Gurley II ($6100),133.8
Tom Brady ($6500),Alvin Kamara ($7200),Joe Mixon ($6700),Michael Thomas ($9000),Davante Adams ($7300),Christian Kirk ($5000),Robert Tonyan ($2500),Raiders ($2600),Damiere Byrd ($3200),133.8
Matt Ryan ($6700),Dalvin Cook ($7900),Alvin Kamara ($7200),Mike Evans ($6900),DK Metcalf ($5800),N'Keal Harry ($4400),Tyler Eifert ($3300),Raiders ($2600),Ronald Jones II ($5200),133.8
Mitchell Trubisky ($5400),Alvin Kamara ($7200),Miles Sanders ($6300),Michael Thomas ($9000),Adam Thielen ($6700),Larry Fitzgerald ($4500),Robert Tonyan ($2500),Patriots ($3200),Ronald Jones II ($5200),133.8
Russell Wilson ($7000),Dalvin Cook ($7900),Austin Ekeler ($7000),Adam Thielen ($6700),Calvin Ridley ($6100),DeSean Jackson ($4900),Hayden Hurst ($4300),Ravens ($3100),Chris Thompson ($3000),133.8
Russell Wilson ($7000),Alvin Kamara ($7200),Josh Jacobs ($6800),Tyler Lockett ($6500),DeSean Jackson ($4900),Steven Sims Jr. ($4700),Mark Andrews ($6000),Chargers ($2800),Antonio Gibson ($4000),133.8
Tyrod Taylor ($5600),Joe Mixon ($6700),Todd Gurley II ($6100),Calvin Ridley ($6100),Odell Beckham Jr. ($5900),Jarvis Landry ($5900),Zach Ertz ($5800),Lions ($2700),Marquise Brown ($5100),133.8
Cam Newton ($6100),Christian McCaffrey ($10000),Dalvin Cook ($7900),DJ Moore ($6600),Terry McLaurin ($5600),Chris Thompson ($3000),Ian Thomas ($3400),Seahawks ($2400),Matt Breida ($5000),133.8
Aaron Rodgers ($6300),Dalvin Cook ($7900),Kerryon Johnson ($4400),Julio Jones ($7700),Adam Thielen ($6700),Terry McLaurin ($5600),Hayden Hurst ($4300),Dolphins ($2000),Marquise Brown ($5100),133.8
Lamar Jackson ($8100),Christian McCaffrey ($10000),Chris Carson ($6200),Terry McLaurin ($5600),Robby Anderson ($4700),Bryan Edwards ($4200),Zach Ertz ($5800),Saints ($2400),Chris Thompson ($3000),133.8
Matthew Stafford ($6200),Austin Ekeler ($7000),Miles Sanders ($6300),Julio Jones ($7700),Kenny Golladay ($6200),Terry McLaurin ($5600),T.J. Hockenson ($4200),Patriots ($3200),Dontrelle Inman ($3400),133.8
Lamar Jackson ($8100),Miles Sanders ($6300),Kerryon Johnson ($4400),Jarvis Landry ($5900),DK Metcalf ($5800),Terry McLaurin ($5600),Mark Andrews ($6000),Patriots ($3200),Steven Sims Jr. ($4700),133.8
Tom Brady ($6500),Alvin Kamara ($7200),Josh Jacobs ($6800),Mike Evans ($6900),Kenny Golladay ($6200),Marvin Jones Jr. ($5500),Ian Thomas ($3400),Ravens ($3100),Kerryon Johnson ($4400),133.8
Josh Allen ($6500),Alvin Kamara ($7200),Miles Sanders ($6300),Michael Thomas ($9000),Julian Edelman ($6000),DeSean Jackson ($4900),Mike Gesicki ($4500),Seahawks ($2400),Damiere Byrd ($3200),133.8
Lamar Jackson ($8100),Ronald Jones II ($5200),J.K. Dobbins ($5000),Adam Thielen ($6700),Calvin Ridley ($6100),Marquise Brown ($5100),George Kittle ($7200),Eagles ($3600),Chris Thompson ($3000),133.8
Lamar Jackson ($8100),Alvin Kamara ($7200),Tarik Cohen ($4900),Chris Godwin ($7100),Kenny Golladay ($6200),Anthony Miller ($5000),T.J. Hockenson ($4200),Falcons ($2300),DeSean Jackson ($4900),133.7
Matt Ryan ($6700),Dalvin Cook ($7900),Alvin Kamara ($7200),Calvin Ridley ($6100),Steven Sims Jr. ($4700),Larry Fitzgerald ($4500),Zach Ertz ($5800),Ravens ($3100),Antonio Gibson ($4000),133.7
Kirk Cousins ($5700),Dalvin Cook ($7900),Alvin Kamara ($7200),Davante Adams ($7300),Chris Godwin ($7100),Robby Anderson ($4700),Chris Herndon ($3300),Falcons ($2300),N'Keal Harry ($4400),133.7
Josh Allen ($6500),Dalvin Cook ($7900),Antonio Gibson ($4000),Michael Thomas ($9000),Mike Evans ($6900),Parris Campbell ($3900),Zach Ertz ($5800),Raiders ($2600),Dontrelle Inman ($3400),133.7
Tyrod Taylor ($5600),Dalvin Cook ($7900),Alvin Kamara ($7200),DJ Moore ($6600),DK Metcalf ($5800),Robby Anderson ($4700),Ian Thomas ($3400),Cardinals ($2100),Joe Mixon ($6700),133.7
Kirk Cousins ($5700),Joe Mixon ($6700),Chris Carson ($6200),Davante Adams ($7300),Tyler Lockett ($6500),DeSean Jackson ($4900),Zach Ertz ($5800),Dolphins ($2000),Allen Lazard ($4900),133.7
Drew Brees ($6800),Joe Mixon ($6700),Ronald Jones II ($5200),Michael Thomas ($9000),Kenny Golladay ($6200),Marvin Jones Jr. ($5500),Irv Smith Jr. ($3100),Raiders ($2600),DeSean Jackson ($4900),133.7
Carson Wentz ($6300),Joe Mixon ($6700),Todd Gurley II ($6100),Tyler Lockett ($6500),Terry McLaurin ($5600),Christian Kirk ($5000),George Kittle ($7200),Patriots ($3200),Dontrelle Inman ($3400),133.7
Lamar Jackson ($8100),Mark Ingram II ($5500),Marlon Mack ($5300),Davante Adams ($7300),T.Y. Hilton ($5800),Marvin Jones Jr. ($5500),T.J. Hockenson ($4200),Patriots ($3200),Marquise Brown ($5100),133.7
Carson Wentz ($6300),Christian McCaffrey ($10000),Dalvin Cook ($7900),Julian Edelman ($6000),DK Metcalf ($5800),Terry McLaurin ($5600),Logan Thomas ($2800),Jaguars ($2300),Damiere Byrd ($3200),133.7
Matt Ryan ($6700),Christian McCaffrey ($10000),Miles Sanders ($6300),Tyler Lockett ($6500),Calvin Ridley ($6100),Preston Williams ($4500),Irv Smith Jr. ($3100),Jaguars ($2300),N'Keal Harry ($4400),133.7
Carson Wentz ($6300),Dalvin Cook ($7900),Josh Jacobs ($6800),Davante Adams ($7300),Tyler Lockett ($6500),Marvin Jones Jr. ($5500),Irv Smith Jr. ($3100),Patriots ($3200),Cordarrelle Patterson ($3400),133.7
Tom Brady ($6500),Alvin Kamara ($7200),Marlon Mack ($5300),Davante Adams ($7300),Mike Evans ($6900),Steven Sims Jr. ($4700),Zach Ertz ($5800),Patriots ($3200),Chris Thompson ($3000),133.6
Russell Wilson ($7000),Chris Carson ($6200),Mark Ingram II ($5500),Julio Jones ($7700),T.Y. Hilton ($5800),Terry McLaurin ($5600),Dallas Goedert ($4100),Patriots ($3200),DeSean Jackson ($4900),133.6
Carson Wentz ($6300),Christian McCaffrey ($10000),Alvin Kamara ($7200),Allen Robinson II ($6500),Kenny Golladay ($6200),N'Keal Harry ($4400),Logan Thomas ($2800),Ravens ($3100),Cordarrelle Patterson ($3400),133.6
Cam Newton ($6100),Dalvin Cook ($7900),Matt Breida ($5000),Kenny Golladay ($6200),Calvin Ridley ($6100),Odell Beckham Jr. ($5900),Mark Andrews ($6000),Jaguars ($2300),Preston Williams ($4500),133.6
Aaron Rodgers ($6300),Dalvin Cook ($7900),Joe Mixon ($6700),Davante Adams ($7300),Kenny Golladay ($6200),N'Keal Harry ($4400),Mark Andrews ($6000),WAS Football Team ($2000),Damiere Byrd ($3200),133.6
Drew Brees ($6800),Dalvin Cook ($7900),Alvin Kamara ($7200),Calvin Ridley ($6100),Allen Lazard ($4900),Curtis Samuel ($4600),Irv Smith Jr. ($3100),Patriots ($3200),Chris Carson ($6200),133.6
Kirk Cousins ($5700),Alvin Kamara ($7200),Austin Ekeler ($7000),Chris Godwin ($7100),Adam Thielen ($6700),Kenny Golladay ($6200),Irv Smith Jr. ($3100),WAS Football Team ($2000),Christian Kirk ($5000),133.6
Lamar Jackson ($8100),Chris Carson ($6200),Mark Ingram II ($5500),Adam Thielen ($6700),Kenny Golladay ($6200),Odell Beckham Jr. ($5900),Logan Thomas ($2800),Bills ($3700),DeSean Jackson ($4900),133.6
Matt Ryan ($6700),Christian McCaffrey ($10000),J.K. Dobbins ($5000),Tyler Lockett ($6500),Kenny Golladay ($6200),Jarvis Landry ($5900),Mo Alie-Cox ($2600),Dolphins ($2000),Marquise Brown ($5100),133.6
Jimmy Garoppolo ($5800),Dalvin Cook ($7900),Josh Jacobs ($6800),Davante Adams ($7300),Kenny Golladay ($6200),Christian Kirk ($5000),Chris Herndon ($3300),Ravens ($3100),Larry Fitzgerald ($4500),133.6
Lamar Jackson ($8100),Joe Mixon ($6700),Todd Gurley II ($6100),DeVante Parker ($6000),Terry McLaurin ($5600),Preston Williams ($4500),Zach Ertz ($5800),Colts ($3000),Antonio Gibson ($4000),133.5
Aaron Rodgers ($6300),Dalvin Cook ($7900),Alvin Kamara ($7200),T.Y. Hilton ($5800),Marquise Brown ($5100),Allen Lazard ($4900),Jack Doyle ($3600),WAS Football Team ($2000),Austin Ekeler ($7000),133.5
Kirk Cousins ($5700),Josh Jacobs ($6800),Kerryon Johnson ($4400),Davante Adams ($7300),Kenny Golladay ($6200),Marquise Brown ($5100),Mark Andrews ($6000),Eagles ($3600),Allen Lazard ($4900),133.5
Tom Brady ($6500),Dalvin Cook ($7900),Chris Carson ($6200),Davante Adams ($7300),Jarvis Landry ($5900),Terry McLaurin ($5600),Robert Tonyan ($2500),Colts ($3000),Marquise Brown ($5100),133.5
Philip Rivers ($6000),Josh Jacobs ($6800),Miles Sanders ($6300),Michael Thomas ($9000),Mike Evans ($6900),T.Y. Hilton ($5800),Mo Alie-Cox ($2600),Jets ($2100),N'Keal Harry ($4400),133.5
Dwayne Haskins Jr. ($5000),Alvin Kamara ($7200),Chris Carson ($6200),Michael Thomas ($9000),Calvin Ridley ($6100),Preston Williams ($4500),Zach Ertz ($5800),Chargers ($2800),Dontrelle Inman ($3400),133.5
Jimmy Garoppolo ($5800),Dalvin Cook ($7900),Miles Sanders ($6300),Chris Godwin ($7100),Mike Evans ($6900),Kenny Golladay ($6200),Robert Tonyan ($2500),Dolphins ($2000),Ronald Jones II ($5200),133.5
Lamar Jackson ($8100),Austin Ekeler ($7000),Antonio Gibson ($4000),Julio Jones ($7700),Calvin Ridley ($6100),Odell Beckham Jr. ($5900),Irv Smith Jr. ($3100),Colts ($3000),Marquise Brown ($5100),133.5
Kirk Cousins ($5700),Christian McCaffrey ($10000),Miles Sanders ($6300),Julio Jones ($7700),Adam Thielen ($6700),DK Metcalf ($5800),Robert Tonyan ($2500),Cardinals ($2100),Damiere Byrd ($3200),133.5
Cam Newton ($6100),Christian McCaffrey ($10000),Mark Ingram II ($5500),Davante Adams ($7300),Marquise Brown ($5100),Bryan Edwards ($4200),Mark Andrews ($6000),Saints ($2400),Dontrelle Inman ($3400),133.5
Jimmy Garoppolo ($5800),Christian McCaffrey ($10000),Alvin Kamara ($7200),Kenny Golladay ($6200),Marquise Brown ($5100),Larry Fitzgerald ($4500),O.J. Howard ($3700),Falcons ($2300),Ronald Jones II ($5200),133.5
Mitchell Trubisky ($5400),Christian McCaffrey ($10000),Todd Gurley II ($6100),Davante Adams ($7300),Adam Thielen ($6700),Marvin Jones Jr. ($5500),Chris Herndon ($3300),Jaguars ($2300),Cordarrelle Patterson ($3400),133.5
Aaron Rodgers ($6300),Christian McCaffrey ($10000),Tarik Cohen ($4900),Davante Adams ($7300),Tyler Lockett ($6500),DK Metcalf ($5800),Irv Smith Jr. ($3100),Ravens ($3100),Chris Thompson ($3000),133.5
Dwayne Haskins Jr. ($5000),Christian McCaffrey ($10000),Miles Sanders ($6300),Julio Jones ($7700),Calvin Ridley ($6100),Marquise Brown ($5100),Logan Thomas ($2800),Jets ($2100),Steven Sims Jr. ($4700),133.5
Josh Allen ($6500),Christian McCaffrey ($10000),Joe Mixon ($6700),T.Y. Hilton ($5800),Larry Fitzgerald ($4500),Parris Campbell ($3900),George Kittle ($7200),Saints ($2400),Chris Thompson ($3000),133.5
Cam Newton ($6100),Alvin Kamara ($7200),Austin Ekeler ($7000),Michael Thomas ($9000),Mike Evans ($6900),N'Keal Harry ($4400),Dallas Goedert ($4100),Falcons ($2300),Chris Thompson ($3000),133.5
Matt Ryan ($6700),Alvin Kamara ($7200),Matt Breida ($5000),Julian Edelman ($6000),Terry McLaurin ($5600),DeSean Jackson ($4900),George Kittle ($7200),Chargers ($2800),Preston Williams ($4500),133.4
Lamar Jackson ($8100),Dalvin Cook ($7900),Mark Ingram II ($5500),Kenny Golladay ($6200),T.Y. Hilton ($5800),Larry Fitzgerald ($4500),Mark Andrews ($6000),Dolphins ($2000),Chris Conley ($4000),133.4
Drew Brees ($6800),Alvin Kamara ($7200),Austin Ekeler ($7000),Adam Thielen ($6700),DeVante Parker ($6000),T.Y. Hilton ($5800),Mo Alie-Cox ($2600),Lions ($2700),Ronald Jones II ($5200),133.4
Tyrod Taylor ($5600),Austin Ekeler ($7000),Joe Mixon ($6700),Davante Adams ($7300),Preston Williams ($4500),N'Keal Harry ($4400),Zach Ertz ($5800),Seahawks ($2400),Miles Sanders ($6300),133.4
Carson Wentz ($6300),Alvin Kamara ($7200),Todd Gurley II ($6100),Michael Thomas ($9000),Kenny Golladay ($6200),Henry Ruggs III ($5100),Ian Thomas ($3400),Cardinals ($2100),Curtis Samuel ($4600),133.4
Matthew Stafford ($6200),Alvin Kamara ($7200),Austin Ekeler ($7000),Adam Thielen ($6700),Marvin Jones Jr. ($5500),N'Keal Harry ($4400),T.J. Hockenson ($4200),Jets ($2100),Joe Mixon ($6700),133.4
Carson Wentz ($6300),Dalvin Cook ($7900),Austin Ekeler ($7000),Chris Godwin ($7100),Adam Thielen ($6700),Odell Beckham Jr. ($5900),Robert Tonyan ($2500),Patriots ($3200),Dontrelle Inman ($3400),133.4
Jimmy Garoppolo ($5800),Christian McCaffrey ($10000),Austin Ekeler ($7000),Calvin Ridley ($6100),Terry McLaurin ($5600),Christian Kirk ($5000),Logan Thomas ($2800),Patriots ($3200),Larry Fitzgerald ($4500),133.4
Matt Ryan ($6700),Christian McCaffrey ($10000),Ryan Nall ($4000),Julio Jones ($7700),Odell Beckham Jr. ($5900),Terry McLaurin ($5600),Ian Thomas ($3400),Dolphins ($2000),Robby Anderson ($4700),133.4
Tom Brady ($6500),Dalvin Cook ($7900),Antonio Gibson ($4000),Chris Godwin ($7100),Mike Evans ($6900),Adam Thielen ($6700),Dallas Goedert ($4100),Jets ($2100),Robby Anderson ($4700),133.4
Cam Newton ($6100),Miles Sanders ($6300),Matt Breida ($5000),Michael Thomas ($9000),Chris Godwin ($7100),N'Keal Harry ($4400),Mark Andrews ($6000),Lions ($2700),Dontrelle Inman ($3400),133.4
Cam Newton ($6100),Christian McCaffrey ($10000),J.K. Dobbins ($5000),Adam Thielen ($6700),DeVante Parker ($6000),T.Y. Hilton ($5800),Irv Smith Jr. ($3100),Saints ($2400),Allen Lazard ($4900),133.3
Dwayne Haskins Jr. ($5000),Christian McCaffrey ($10000),Ronald Jones II ($5200),Adam Thielen ($6700),Marquise Brown ($5100),Henry Ruggs III ($5100),Zach Ertz ($5800),Cardinals ($2100),DeSean Jackson ($4900),133.3
Josh Allen ($6500),Joe Mixon ($6700),Miles Sanders ($6300),DJ Moore ($6600),Terry McLaurin ($5600),Robby Anderson ($4700),Zach Ertz ($5800),Patriots ($3200),Curtis Samuel ($4600),133.3
Josh Allen ($6500),Josh Jacobs ($6800),Todd Gurley II ($6100),Davante Adams ($7300),Adam Thielen ($6700),DJ Moore ($6600),Ian Thomas ($3400),Dolphins ($2000),Curtis Samuel ($4600),133.3
Drew Brees ($6800),Alvin Kamara ($7200),Kerryon Johnson ($4400),Davante Adams ($7300),Chris Godwin ($7100),Adam Thielen ($6700),Mike Gesicki ($4500),Seahawks ($2400),Dontrelle Inman ($3400),133.3
Lamar Jackson ($8100),Miles Sanders ($6300),J.K. Dobbins ($5000),Adam Thielen ($6700),Kenny Golladay ($6200),Julian Edelman ($6000),Mike Gesicki ($4500),Chargers ($2800),N'Keal Harry ($4400),133.3
Lamar Jackson ($8100),Christian McCaffrey ($10000),Tarik Cohen ($4900),DJ Moore ($6600),T.Y. Hilton ($5800),Preston Williams ($4500),Ian Thomas ($3400),Chargers ($2800),Parris Campbell ($3900),133.3
Carson Wentz ($6300),Christian McCaffrey ($10000),Joe Mixon ($6700),Davante Adams ($7300),Terry McLaurin ($5600),Hunter Renfrow ($4500),Chris Herndon ($3300),Cardinals ($2100),Bryan Edwards ($4200),133.3
Dwayne Haskins Jr. ($5000),Miles Sanders ($6300),Boston Scott ($4800),Chris Godwin ($7100),Odell Beckham Jr. ($5900),Terry McLaurin ($5600),George Kittle ($7200),Patriots ($3200),DeSean Jackson ($4900),133.3
Tyrod Taylor ($5600),Christian McCaffrey ($10000),Dalvin Cook ($7900),Henry Ruggs III ($5100),DeSean Jackson ($4900),Bryan Edwards ($4200),Logan Thomas ($2800),Falcons ($2300),Alvin Kamara ($7200),133.2
Tom Brady ($6500),Alvin Kamara ($7200),Miles Sanders ($6300),Michael Thomas ($9000),Marvin Jones Jr. ($5500),Steven Sims Jr. ($4700),Irv Smith Jr. ($3100),Bills ($3700),Antonio Gibson ($4000),133.2
Matt Ryan ($6700),Christian McCaffrey ($10000),Chris Thompson ($4000),Adam Thielen ($6700),Kenny Golladay ($6200),Calvin Ridley ($6100),Hayden Hurst ($4300),WAS Football Team ($2000),Parris Campbell ($3900),133.2
Drew Brees ($6800),Christian McCaffrey ($10000),Alvin Kamara ($7200),Michael Thomas ($9000),Curtis Samuel ($4600),Chris Thompson ($3000),Mo Alie-Cox ($2600),Chargers ($2800),Ryan Nall ($4000),133.2
Tom Brady ($6500),Joe Mixon ($6700),Chris Carson ($6200),Chris Godwin ($7100),Mike Evans ($6900),Marquise Brown ($5100),Ian Thomas ($3400),Dolphins ($2000),Todd Gurley II ($6100),133.2
Gardner Minshew II ($5800),Dalvin Cook ($7900),Alvin Kamara ($7200),Davante Adams ($7300),DK Metcalf ($5800),Parris Campbell ($3900),Jack Doyle ($3600),Eagles ($3600),Tarik Cohen ($4900),133.2
Tyrod Taylor ($5600),Josh Jacobs ($6800),Joe Mixon ($6700),Davante Adams ($7300),Calvin Ridley ($6100),Tyler Boyd ($6100),Robert Tonyan ($2500),Ravens ($3100),Terry McLaurin ($5600),133.2
Carson Wentz ($6300),Christian McCaffrey ($10000),Antonio Gibson ($4000),Julian Edelman ($6000),DeVante Parker ($6000),T.Y. Hilton ($5800),Dallas Goedert ($4100),Jets ($2100),Marvin Jones Jr. ($5500),133.2
Cam Newton ($6100),Christian McCaffrey ($10000),Alvin Kamara ($7200),Terry McLaurin ($5600),Henry Ruggs III ($5100),Allen Lazard ($4900),O.J. Howard ($3700),Lions ($2700),Robby Anderson ($4700),133.2
Josh Allen ($6500),Christian McCaffrey ($10000),Tarik Cohen ($4900),Chris Godwin ($7100),DJ Moore ($6600),DeSean Jackson ($4900),Logan Thomas ($2800),Patriots ($3200),Antonio Gibson ($4000),133.2
Carson Wentz ($6300),Chris Carson ($6200),Ronald Jones II ($5200),Julio Jones ($7700),Davante Adams ($7300),Calvin Ridley ($6100),Logan Thomas ($2800),Chargers ($2800),Terry McLaurin ($5600),133.2
Lamar Jackson ($8100),Dalvin Cook ($7900),J.K. Dobbins ($5000),DeVante Parker ($6000),DK Metcalf ($5800),Robby Anderson ($4700),Mark Andrews ($6000),Jets ($2100),N'Keal Harry ($4400),133.2
Kirk Cousins ($5700),Dalvin Cook ($7900),Antonio Gibson ($4000),Kenny Golladay ($6200),Calvin Ridley ($6100),DeSean Jackson ($4900),George Kittle ($7200),Raiders ($2600),Allen Lazard ($4900),133.2
Dwayne Haskins Jr. ($5000),Joe Mixon ($6700),Todd Gurley II ($6100),Michael Thomas ($9000),Chris Godwin ($7100),Terry McLaurin ($5600),Logan Thomas ($2800),Jets ($2100),Marvin Jones Jr. ($5500),133.2
Matthew Stafford ($6200),Dalvin Cook ($7900),Josh Jacobs ($6800),Kenny Golladay ($6200),Marvin Jones Jr. ($5500),Allen Lazard ($4900),Zach Ertz ($5800),Bills ($3700),Chris Thompson ($3000),133.2
Russell Wilson ($7000),Miles Sanders ($6300),Todd Gurley II ($6100),Tyler Lockett ($6500),DK Metcalf ($5800),Marvin Jones Jr. ($5500),George Kittle ($7200),Raiders ($2600),Chris Thompson ($3000),133.2
Matt Ryan ($6700),Dalvin Cook ($7900),Todd Gurley II ($6100),Tyler Lockett ($6500),Kenny Golladay ($6200),Marvin Jones Jr. ($5500),Hayden Hurst ($4300),Jets ($2100),Robby Anderson ($4700),133.2
Matt Ryan ($6700),Tarik Cohen ($4900),Tevin Coleman ($4200),Michael Thomas ($9000),Chris Godwin ($7100),Calvin Ridley ($6100),Dallas Goedert ($4100),Jets ($2100),DK Metcalf ($5800),133.2
Josh Allen ($6500),Jonathan Taylor ($5700),Marlon Mack ($5300),Davante Adams ($7300),Adam Thielen ($6700),Kenny Golladay ($6200),Irv Smith Jr. ($3100),Ravens ($3100),Calvin Ridley ($6100),133.1
Gardner Minshew II ($5800),Christian McCaffrey ($10000),Austin Ekeler ($7000),Kenny Golladay ($6200),DK Metcalf ($5800),Marvin Jones Jr. ($5500),Mo Alie-Cox ($2600),Patriots ($3200),Parris Campbell ($3900),133.1
Carson Wentz ($6300),Dalvin Cook ($7900),Ronald Jones II ($5200),Michael Thomas ($9000),Odell Beckham Jr. ($5900),DeSean Jackson ($4900),Dallas Goedert ($4100),Bills ($3700),Chris Thompson ($3000),133.1
Tom Brady ($6500),Dalvin Cook ($7900),Todd Gurley II ($6100),Davante Adams ($7300),Adam Thielen ($6700),Calvin Ridley ($6100),Devin Asiasi ($3500),Lions ($2700),Damiere Byrd ($3200),133.1
Philip Rivers ($6000),Joe Mixon ($6700),Todd Gurley II ($6100),Davante Adams ($7300),Kenny Golladay ($6200),T.Y. Hilton ($5800),Jack Doyle ($3600),Raiders ($2600),A.J. Green ($5700),133.1
Lamar Jackson ($8100),J.K. Dobbins ($5000),Ryan Nall ($4000),Michael Thomas ($9000),Calvin Ridley ($6100),Odell Beckham Jr. ($5900),Chris Herndon ($3300),Chargers ($2800),DK Metcalf ($5800),133.1
Aaron Rodgers ($6300),Dalvin Cook ($7900),Miles Sanders ($6300),Tyler Lockett ($6500),Kenny Golladay ($6200),T.Y. Hilton ($5800),Irv Smith Jr. ($3100),Chargers ($2800),Anthony Miller ($5000),133.1
Cam Newton ($6100),Christian McCaffrey ($10000),Ronald Jones II ($5200),Michael Thomas ($9000),T.Y. Hilton ($5800),Curtis Samuel ($4600),O.J. Howard ($3700),Jets ($2100),Dontrelle Inman ($3400),133.1
Aaron Rodgers ($6300),Josh Jacobs ($6800),Ryan Nall ($4000),Davante Adams ($7300),Chris Godwin ($7100),Adam Thielen ($6700),Dallas Goedert ($4100),Chargers ($2800),DeSean Jackson ($4900),133.1
Matt Ryan ($6700),Christian McCaffrey ($10000),Antonio Gibson ($4000),Julio Jones ($7700),Davante Adams ($7300),Christian Kirk ($5000),Logan Thomas ($2800),Ravens ($3100),Dontrelle Inman ($3400),133.1
Kirk Cousins ($5700),Josh Jacobs ($6800),Ronald Jones II ($5200),Davante Adams ($7300),Tyler Lockett ($6500),DK Metcalf ($5800),Hayden Hurst ($4300),Lions ($2700),Terry McLaurin ($5600),133.1
Dwayne Haskins Jr. ($5000),Austin Ekeler ($7000),Joe Mixon ($6700),Adam Thielen ($6700),Tyler Lockett ($6500),Terry McLaurin ($5600),Zach Ertz ($5800),Bills ($3700),Chris Thompson ($3000),133.1
Carson Wentz ($6300),Alvin Kamara ($7200),Josh Jacobs ($6800),Allen Robinson II ($6500),Terry McLaurin ($5600),Anthony Miller ($5000),T.J. Hockenson ($4200),Cardinals ($2100),Miles Sanders ($6300),133.1
Tyrod Taylor ($5600),Joe Mixon ($6700),Ronald Jones II ($5200),Davante Adams ($7300),Chris Godwin ($7100),Mike Evans ($6900),Chris Herndon ($3300),Lions ($2700),DeSean Jackson ($4900),133.1
Philip Rivers ($6000),Alvin Kamara ($7200),Tarik Cohen ($4900),Michael Thomas ($9000),Chris Godwin ($7100),Terry McLaurin ($5600),Jack Doyle ($3600),Dolphins ($2000),Curtis Samuel ($4600),133.1
Russell Wilson ($7000),Christian McCaffrey ($10000),Ryan Nall ($4000),Kenny Golladay ($6200),Calvin Ridley ($6100),DK Metcalf ($5800),Dallas Goedert ($4100),Cardinals ($2100),Curtis Samuel ($4600),133.1
Lamar Jackson ($8100),Alvin Kamara ($7200),Tevin Coleman ($4200),Michael Thomas ($9000),T.Y. Hilton ($5800),Preston Williams ($4500),Mike Gesicki ($4500),Lions ($2700),Tre'Quan Smith ($4000),133
Lamar Jackson ($8100),Dalvin Cook ($7900),Ryan Nall ($4000),Julio Jones ($7700),Davante Adams ($7300),Allen Lazard ($4900),Dallas Goedert ($4100),Raiders ($2600),Dontrelle Inman ($3400),133
Jimmy Garoppolo ($5800),J.K. Dobbins ($5000),Tevin Coleman ($4200),Michael Thomas ($9000),Adam Thielen ($6700),Marquise Brown ($5100),Mark Andrews ($6000),Patriots ($3200),Christian Kirk ($5000),133
Tyrod Taylor ($5600),Ronald Jones II ($5200),Kerryon Johnson ($4400),Michael Thomas ($9000),Davante Adams ($7300),Adam Thielen ($6700),Irv Smith Jr. ($3100),Jets ($2100),Tyler Lockett ($6500),133
Cam Newton ($6100),Chris Carson ($6200),Antonio Gibson ($4000),Michael Thomas ($9000),Julian Edelman ($6000),DeSean Jackson ($4900),George Kittle ($7200),Jets ($2100),N'Keal Harry ($4400),133
Russell Wilson ($7000),Joe Mixon ($6700),Chris Carson ($6200),Michael Thomas ($9000),Calvin Ridley ($6100),DK Metcalf ($5800),Tyler Eifert ($3300),Dolphins ($2000),Parris Campbell ($3900),133
Matthew Stafford ($6200),Christian McCaffrey ($10000),Josh Jacobs ($6800),Odell Beckham Jr. ($5900),Marvin Jones Jr. ($5500),Marquise Brown ($5100),T.J. Hockenson ($4200),Chargers ($2800),Dontrelle Inman ($3400),133
Russell Wilson ($7000),Joe Mixon ($6700),Tarik Cohen ($4900),Davante Adams ($7300),Chris Godwin ($7100),Adam Thielen ($6700),Robert Tonyan ($2500),WAS Football Team ($2000),DK Metcalf ($5800),133
Lamar Jackson ($8100),Miles Sanders ($6300),Chris Thompson ($4000),Michael Thomas ($9000),Chris Godwin ($7100),T.Y. Hilton ($5800),Chris Herndon ($3300),Dolphins ($2000),Laviska Shenault Jr. ($4400),133
Cam Newton ($6100),Alvin Kamara ($7200),Mark Ingram II ($5500),Tyler Lockett ($6500),Odell Beckham Jr. ($5900),Jarvis Landry ($5900),Zach Ertz ($5800),Cardinals ($2100),DeSean Jackson ($4900),133
Aaron Rodgers ($6300),Dalvin Cook ($7900),Chris Carson ($6200),Adam Thielen ($6700),T.Y. Hilton ($5800),Marvin Jones Jr. ($5500),Mark Andrews ($6000),Jets ($2100),Cordarrelle Patterson ($3400),133
Matt Ryan ($6700),Joe Mixon ($6700),Miles Sanders ($6300),Adam Thielen ($6700),DeVante Parker ($6000),DK Metcalf ($5800),Hayden Hurst ($4300),Ravens ($3100),N'Keal Harry ($4400),132.9
Lamar Jackson ($8100),Alvin Kamara ($7200),Matt Breida ($5000),Adam Thielen ($6700),Jarvis Landry ($5900),Preston Williams ($4500),Mark Andrews ($6000),Raiders ($2600),Parris Campbell ($3900),132.9
Russell Wilson ($7000),Christian McCaffrey ($10000),Todd Gurley II ($6100),Tyler Lockett ($6500),Steven Sims Jr. ($4700),N'Keal Harry ($4400),Zach Ertz ($5800),Jets ($2100),Dontrelle Inman ($3400),132.9
Cam Newton ($6100),Chris Carson ($6200),Todd Gurley II ($6100),Davante Adams ($7300),Julian Edelman ($6000),DeVante Parker ($6000),Ian Thomas ($3400),Ravens ($3100),T.Y. Hilton ($5800),132.9
Cam Newton ($6100),Dalvin Cook ($7900),Tevin Coleman ($4200),Michael Thomas ($9000),Adam Thielen ($6700),DeVante Parker ($6000),Mike Gesicki ($4500),Raiders ($2600),Chris Thompson ($3000),132.9
Drew Brees ($6800),Miles Sanders ($6300),Chris Carson ($6200),Chris Godwin ($7100),Kenny Golladay ($6200),Calvin Ridley ($6100),O.J. Howard ($3700),Jets ($2100),Marvin Jones Jr. ($5500),132.9
Tom Brady ($6500),Joe Mixon ($6700),Chris Thompson ($4000),Michael Thomas ($9000),Julio Jones ($7700),T.Y. Hilton ($5800),Mo Alie-Cox ($2600),Cardinals ($2100),Terry McLaurin ($5600),132.9
Mitchell Trubisky ($5400),Alvin Kamara ($7200),Antonio Gibson ($4000),Julio Jones ($7700),Allen Robinson II ($6500),Kenny Golladay ($6200),George Kittle ($7200),Jets ($2100),Dontrelle Inman ($3400),132.9
Drew Brees ($6800),Marlon Mack ($5300),Ronald Jones II ($5200),Michael Thomas ($9000),DK Metcalf ($5800),Terry McLaurin ($5600),George Kittle ($7200),Jets ($2100),Chris Thompson ($3000),132.9
Matthew Stafford ($6200),Christian McCaffrey ($10000),Tevin Coleman ($4200),Chris Godwin ($7100),Mike Evans ($6900),Kenny Golladay ($6200),T.J. Hockenson ($4200),Jets ($2100),Chris Thompson ($3000),132.9
Drew Brees ($6800),Christian McCaffrey ($10000),Alvin Kamara ($7200),Marquise Brown ($5100),Henry Ruggs III ($5100),Tre'Quan Smith ($4000),Robert Tonyan ($2500),Patriots ($3200),Todd Gurley II ($6100),132.9
Tom Brady ($6500),Christian McCaffrey ($10000),Alvin Kamara ($7200),Davante Adams ($7300),T.Y. Hilton ($5800),Tre'Quan Smith ($4000),Kyle Rudolph ($3700),Cardinals ($2100),Cordarrelle Patterson ($3400),132.9
Lamar Jackson ($8100),Tarik Cohen ($4900),Kerryon Johnson ($4400),Michael Thomas ($9000),Kenny Golladay ($6200),Chris Thompson ($3000),George Kittle ($7200),Patriots ($3200),Ryan Nall ($4000),132.8
Tom Brady ($6500),Christian McCaffrey ($10000),Antonio Gibson ($4000),Davante Adams ($7300),Mike Evans ($6900),DeSean Jackson ($4900),O.J. Howard ($3700),Falcons ($2300),N'Keal Harry ($4400),132.8
Lamar Jackson ($8100),Alvin Kamara ($7200),Chris Thompson ($4000),Julio Jones ($7700),Calvin Ridley ($6100),T.Y. Hilton ($5800),Hayden Hurst ($4300),Eagles ($3600),Damiere Byrd ($3200),132.8
Kirk Cousins ($5700),Dalvin Cook ($7900),Alvin Kamara ($7200),Adam Thielen ($6700),Jarvis Landry ($5900),Marquise Brown ($5100),Ian Thomas ($3400),Eagles ($3600),Larry Fitzgerald ($4500),132.8
Gardner Minshew II ($5800),Austin Ekeler ($7000),Miles Sanders ($6300),Davante Adams ($7300),Adam Thielen ($6700),T.Y. Hilton ($5800),Dallas Goedert ($4100),Patriots ($3200),Keelan Cole ($3800),132.8
Carson Wentz ($6300),Josh Jacobs ($6800),Raheem Mostert ($5800),Adam Thielen ($6700),DK Metcalf ($5800),Terry McLaurin ($5600),Zach Ertz ($5800),Colts ($3000),Tevin Coleman ($4200),132.8
Lamar Jackson ($8100),Alvin Kamara ($7200),Joe Mixon ($6700),Tyler Boyd ($6100),A.J. Green ($5700),Marquise Brown ($5100),Chris Herndon ($3300),Lions ($2700),Christian Kirk ($5000),132.8
Matt Ryan ($6700),Dalvin Cook ($7900),Todd Gurley II ($6100),Calvin Ridley ($6100),Julian Edelman ($6000),DK Metcalf ($5800),Chris Herndon ($3300),Eagles ($3600),Preston Williams ($4500),132.8
Philip Rivers ($6000),Dalvin Cook ($7900),Joe Mixon ($6700),Julian Edelman ($6000),DeVante Parker ($6000),T.Y. Hilton ($5800),Tyler Eifert ($3300),Lions ($2700),Terry McLaurin ($5600),132.8
Lamar Jackson ($8100),Christian McCaffrey ($10000),Antonio Gibson ($4000),Tyler Lockett ($6500),Calvin Ridley ($6100),Henry Ruggs III ($5100),Hayden Hurst ($4300),Chargers ($2800),Chris Thompson ($3000),132.8
Drew Brees ($6800),Dalvin Cook ($7900),Ryan Nall ($4000),Adam Thielen ($6700),Tyler Lockett ($6500),Kenny Golladay ($6200),Kyle Rudolph ($3700),Dolphins ($2000),Calvin Ridley ($6100),132.8
Russell Wilson ($7000),Christian McCaffrey ($10000),Dalvin Cook ($7900),Calvin Ridley ($6100),Hunter Renfrow ($4500),Parris Campbell ($3900),Ian Thomas ($3400),Patriots ($3200),Antonio Gibson ($4000),132.8
Matthew Stafford ($6200),Miles Sanders ($6300),Boston Scott ($4800),Davante Adams ($7300),Mike Evans ($6900),Adam Thielen ($6700),Robert Tonyan ($2500),Bills ($3700),Terry McLaurin ($5600),132.8
Aaron Rodgers ($6300),Dalvin Cook ($7900),Alvin Kamara ($7200),Michael Thomas ($9000),Tyler Lockett ($6500),DeSean Jackson ($4900),Robert Tonyan ($2500),Jaguars ($2300),Cordarrelle Patterson ($3400),132.8
Aaron Rodgers ($6300),Dalvin Cook ($7900),Austin Ekeler ($7000),Davante Adams ($7300),Calvin Ridley ($6100),DK Metcalf ($5800),Logan Thomas ($2800),Dolphins ($2000),Robby Anderson ($4700),132.8
Tyrod Taylor ($5600),Dalvin Cook ($7900),Austin Ekeler ($7000),Tyler Boyd ($6100),DK Metcalf ($5800),Marquise Brown ($5100),Irv Smith Jr. ($3100),Patriots ($3200),Todd Gurley II ($6100),132.8
Matthew Stafford ($6200),Dalvin Cook ($7900),Austin Ekeler ($7000),T.Y. Hilton ($5800),A.J. Green ($5700),DeSean Jackson ($4900),Mo Alie-Cox ($2600),Patriots ($3200),Joe Mixon ($6700),132.8
Jimmy Garoppolo ($5800),Alvin Kamara ($7200),Josh Jacobs ($6800),Christian Kirk ($5000),DeSean Jackson ($4900),Curtis Samuel ($4600),George Kittle ($7200),Patriots ($3200),Ronald Jones II ($5200),132.8
Tyrod Taylor ($5600),Dalvin Cook ($7900),Miles Sanders ($6300),Davante Adams ($7300),Allen Robinson II ($6500),Kenny Golladay ($6200),Logan Thomas ($2800),Jaguars ($2300),Allen Lazard ($4900),132.8
Dwayne Haskins Jr. ($5000),Alvin Kamara ($7200),Austin Ekeler ($7000),Calvin Ridley ($6100),Terry McLaurin ($5600),Marquise Brown ($5100),Hunter Henry ($5300),49ers ($3500),DeSean Jackson ($4900),132.7
Russell Wilson ($7000),Alvin Kamara ($7200),Josh Jacobs ($6800),Kenny Golladay ($6200),Calvin Ridley ($6100),Anthony Miller ($5000),Zach Ertz ($5800),Vikings ($2500),Cordarrelle Patterson ($3400),132.7
Gardner Minshew II ($5800),Christian McCaffrey ($10000),Chris Thompson ($4000),Davante Adams ($7300),Terry McLaurin ($5600),Marquise Brown ($5100),Zach Ertz ($5800),Seahawks ($2400),Chris Conley ($4000),132.7
Aaron Rodgers ($6300),Dalvin Cook ($7900),Alvin Kamara ($7200),Terry McLaurin ($5600),Christian Kirk ($5000),Marquez Valdes-Scantling ($4100),Zach Ertz ($5800),Patriots ($3200),Tarik Cohen ($4900),132.7
Matthew Stafford ($6200),Dalvin Cook ($7900),Alvin Kamara ($7200),Mike Evans ($6900),Kenny Golladay ($6200),DeSean Jackson ($4900),O.J. Howard ($3700),Panthers ($2500),Preston Williams ($4500),132.7
Josh Allen ($6500),Alvin Kamara ($7200),Mark Ingram II ($5500),Chris Godwin ($7100),Odell Beckham Jr. ($5900),DK Metcalf ($5800),Mark Andrews ($6000),Lions ($2700),Damiere Byrd ($3200),132.7
Drew Brees ($6800),Alvin Kamara ($7200),J.K. Dobbins ($5000),Davante Adams ($7300),Jarvis Landry ($5900),Marquise Brown ($5100),Zach Ertz ($5800),Bills ($3700),Damiere Byrd ($3200),132.7
Lamar Jackson ($8100),Christian McCaffrey ($10000),Antonio Gibson ($4000),Odell Beckham Jr. ($5900),Jarvis Landry ($5900),DK Metcalf ($5800),Ian Thomas ($3400),Saints ($2400),N'Keal Harry ($4400),132.7
Lamar Jackson ($8100),Josh Jacobs ($6800),J.K. Dobbins ($5000),Davante Adams ($7300),Odell Beckham Jr. ($5900),DeSean Jackson ($4900),Mike Gesicki ($4500),Colts ($3000),Preston Williams ($4500),132.7
Drew Brees ($6800),Christian McCaffrey ($10000),Josh Jacobs ($6800),Chris Godwin ($7100),Marquise Brown ($5100),Curtis Samuel ($4600),Ian Thomas ($3400),Falcons ($2300),Parris Campbell ($3900),132.7
Matt Ryan ($6700),Miles Sanders ($6300),Chris Carson ($6200),DK Metcalf ($5800),Marquise Brown ($5100),Christian Kirk ($5000),George Kittle ($7200),Patriots ($3200),Larry Fitzgerald ($4500),132.7
Gardner Minshew II ($5800),Dalvin Cook ($7900),Ronald Jones II ($5200),Michael Thomas ($9000),T.Y. Hilton ($5800),Terry McLaurin ($5600),Jack Doyle ($3600),Raiders ($2600),Preston Williams ($4500),132.7
Russell Wilson ($7000),Alvin Kamara ($7200),Miles Sanders ($6300),Chris Godwin ($7100),Mike Evans ($6900),DK Metcalf ($5800),Ian Thomas ($3400),Jaguars ($2300),Ryan Nall ($4000),132.7
Jimmy Garoppolo ($5800),Christian McCaffrey ($10000),Matt Breida ($5000),Kenny Golladay ($6200),Marvin Jones Jr. ($5500),Preston Williams ($4500),Zach Ertz ($5800),Chargers ($2800),N'Keal Harry ($4400),132.7
Josh Allen ($6500),Christian McCaffrey ($10000),J.K. Dobbins ($5000),Kenny Golladay ($6200),Odell Beckham Jr. ($5900),Robby Anderson ($4700),Mark Andrews ($6000),Falcons ($2300),Dontrelle Inman ($3400),132.7
Tom Brady ($6500),Alvin Kamara ($7200),Josh Jacobs ($6800),Chris Godwin ($7100),Adam Thielen ($6700),N'Keal Harry ($4400),Kyle Rudolph ($3700),Bills ($3700),Parris Campbell ($3900),132.6
Mitchell Trubisky ($5400),Christian McCaffrey ($10000),Dalvin Cook ($7900),Marvin Jones Jr. ($5500),Robby Anderson ($4700),Parris Campbell ($3900),T.J. Hockenson ($4200),Dolphins ($2000),Miles Sanders ($6300),132.6
Tyrod Taylor ($5600),Christian McCaffrey ($10000),Alvin Kamara ($7200),T.Y. Hilton ($5800),Hunter Renfrow ($4500),Keelan Cole ($3800),Jack Doyle ($3600),Lions ($2700),Josh Jacobs ($6800),132.6
Cam Newton ($6100),Joe Mixon ($6700),James White ($6000),Michael Thomas ($9000),Terry McLaurin ($5600),Marquise Brown ($5100),Zach Ertz ($5800),Vikings ($2500),Damiere Byrd ($3200),132.6
Carson Wentz ($6300),Austin Ekeler ($7000),Todd Gurley II ($6100),Kenny Golladay ($6200),A.J. Green ($5700),Terry McLaurin ($5600),Mike Gesicki ($4500),Bills ($3700),DeSean Jackson ($4900),132.6
Cam Newton ($6100),Josh Jacobs ($6800),Mark Ingram II ($5500),Kenny Golladay ($6200),DeVante Parker ($6000),Marquise Brown ($5100),George Kittle ($7200),Jets ($2100),J.K. Dobbins ($5000),132.6
Cam Newton ($6100),Miles Sanders ($6300),Todd Gurley II ($6100),Julio Jones ($7700),Calvin Ridley ($6100),Odell Beckham Jr. ($5900),Mike Gesicki ($4500),Raiders ($2600),N'Keal Harry ($4400),132.6
Tyrod Taylor ($5600),Christian McCaffrey ($10000),Joe Mixon ($6700),Davante Adams ($7300),Kenny Golladay ($6200),Christian Kirk ($5000),T.J. Hockenson ($4200),Dolphins ($2000),Jalen Guyton ($3000),132.6
Matt Ryan ($6700),Boston Scott ($4800),Tevin Coleman ($4200),Julio Jones ($7700),Tyler Lockett ($6500),T.Y. Hilton ($5800),Zach Ertz ($5800),Lions ($2700),Terry McLaurin ($5600),132.6
Tyrod Taylor ($5600),Alvin Kamara ($7200),Matt Breida ($5000),Michael Thomas ($9000),DeVante Parker ($6000),Terry McLaurin ($5600),Mark Andrews ($6000),Cardinals ($2100),Damiere Byrd ($3200),132.6
Aaron Rodgers ($6300),Christian McCaffrey ($10000),Austin Ekeler ($7000),Adam Thielen ($6700),Terry McLaurin ($5600),Allen Lazard ($4900),Ian Thomas ($3400),Cardinals ($2100),Parris Campbell ($3900),132.6
Jimmy Garoppolo ($5800),Josh Jacobs ($6800),Todd Gurley II ($6100),Michael Thomas ($9000),Chris Godwin ($7100),DK Metcalf ($5800),O.J. Howard ($3700),Lions ($2700),Chris Thompson ($3000),132.6
Tyrod Taylor ($5600),Christian McCaffrey ($10000),Tevin Coleman ($4200),DJ Moore ($6600),Kenny Golladay ($6200),Terry McLaurin ($5600),Dallas Goedert ($4100),Colts ($3000),Robby Anderson ($4700),132.6
Lamar Jackson ($8100),Alvin Kamara ($7200),Todd Gurley II ($6100),DJ Moore ($6600),Robby Anderson ($4700),Curtis Samuel ($4600),Mark Andrews ($6000),Eagles ($3600),Chris Thompson ($3000),132.5
Lamar Jackson ($8100),Dalvin Cook ($7900),Alvin Kamara ($7200),Adam Thielen ($6700),Marquez Valdes-Scantling ($4100),Dontrelle Inman ($3400),Jack Doyle ($3600),Bills ($3700),Ronald Jones II ($5200),132.5
Matt Ryan ($6700),Joe Mixon ($6700),J.K. Dobbins ($5000),Julio Jones ($7700),Odell Beckham Jr. ($5900),DeSean Jackson ($4900),Mark Andrews ($6000),Lions ($2700),N'Keal Harry ($4400),132.5
Josh Allen ($6500),Alvin Kamara ($7200),Miles Sanders ($6300),Mike Evans ($6900),T.Y. Hilton ($5800),Laviska Shenault Jr. ($4400),Zach Ertz ($5800),Ravens ($3100),Chris Conley ($4000),132.5
Carson Wentz ($6300),Christian McCaffrey ($10000),Todd Gurley II ($6100),T.Y. Hilton ($5800),Terry McLaurin ($5600),Chris Conley ($4000),Mark Andrews ($6000),Saints ($2400),Keelan Cole ($3800),132.5
Tyrod Taylor ($5600),Christian McCaffrey ($10000),Austin Ekeler ($7000),Adam Thielen ($6700),Marquise Brown ($5100),Curtis Samuel ($4600),Dallas Goedert ($4100),Lions ($2700),Bryan Edwards ($4200),132.5
Josh Allen ($6500),Dalvin Cook ($7900),Alvin Kamara ($7200),Davante Adams ($7300),Julian Edelman ($6000),DeVante Parker ($6000),Robert Tonyan ($2500),WAS Football Team ($2000),Curtis Samuel ($4600),132.5